"property_id","price"
"79e822115c5c1a4531366001",5.1e+08
"d3ed5316a463d38c1bd321d0",1.18e+09
"2f1880c9b8f7ac2715e1236d",9.2e+08
"30e134a6cbe61d7954d0f56b",3.9e+08
"385fee7bd9ad7722d45dd034",5e+08
"87199c236bf22903d1aafdd0",4.7e+08
"19e19ad0cd6b5e84d8aa970e",4.7e+08
"907f968e78d748fde69dd44f",8.4e+08
"7ab96f83915bc84f8c03c1bd",3.9e+08
"07f4aa9b9ff5b0b05d31e6c0",9.1e+08
"e9be8cd37abed8ab510ba1f5",7.9e+08
"5f6ad58df27b562db077b5ce",7.3e+08
"ee96d947484aaace40f9b77f",8.7e+08
"22d6cb11333f2839b8112b89",1.15e+09
"288c09c33907dadbae495c11",1.31e+09
"18bd0dd7580f2a7cb19a90b9",4.1e+08
"b143c8ca6d334f6a73c3f2a0",4.3e+08
"6a4f08cd04d558a56af732d9",5.1e+08
"7216c895aa047c4f405c4941",5.1e+08
"c1976383069b6b82ab29d092",4.7e+08
"7dd1e46dcbddc6bf5ef694de",4.7e+08
"79e643789a85dc4ffad49a25",8.7e+08
"a446507813234e358db8b573",4.5e+08
"c8ef57ddfb35061d1876f94e",6.7e+08
"360be0df2c003005e3db080e",1.13e+09
"9ab245a4c91877cb7a8661ce",1.17e+09
"d5475993f9db58c3e4baf7a3",8.9e+08
"68a8b8d077a8232723bf37e9",7.3e+08
"fac651cf404a58f24dc7d286",1.34e+09
"e6f312a0877af26b69855a3d",1.12e+09
"ce9f2f0071be658ae75ca6f9",1.14e+09
"b0cad5d612954b8cab18101c",9.8e+08
"7eb991f4c69215377e4dac8f",9.8e+08
"0d130b8bea4321300396fa34",1.34e+09
"8dfa059401e1dca80ae65ae1",9.5e+08
"3e3f264cd0ac7a65ed2349a2",1.07e+09
"a787382d96ef9fce8f27bc70",1.12e+09
"8c3aa295f7bcfd9a43eb2037",1.1e+09
"13ac95652fb3cf6c43dafc66",4.4e+08
"c11fdc02a288af0572a2bca1",9.2e+08
"eba6a2b80a17a846ae560ece",3.9e+08
"90e62f8656ae504bf6175e0d",5.9e+08
"372d67ccb9d251e290891f0a",3.8e+08
"a7801c67a0ddd71c50ba38d3",3.9e+08
"e4d6b81f169cab8ea0244d75",5.1e+08
"8bd45966c16d4eafb49ee2a2",8.5e+08
"dbc123f9502159d660f375ca",1.28e+09
"a4683facc81ccda10e9ae388",1.14e+09
"b1fb98d0ba25b21c6647d423",1.12e+09
"cf184cc576effe39c0f857b8",5.6e+08
"784f67fcb2d009d352740ed1",4.6e+08
"f4d6ce332121f814aa663fca",6.5e+08
"c87ae84ef029febca1e633e8",5.7e+08
"e876c6fd9c161861fb92ad5a",1.18e+09
"40768729f2697b87ed6519d1",5.6e+08
"3ac517f74dbf8cdc8feadfe8",6e+08
"23c7f9a0534a4ae6a24e38a6",7.9e+08
"640e9fe41fb79ecba89d8951",9.3e+08
"31f6a25d56f3bb36386d07ae",7.3e+08
"bfb30ae71cdca27f5a5494c6",1.02e+09
"ee9e5adab1455d38edfcaa6e",8.6e+08
"13dbc077e552640736267a49",3.8e+08
"649cca8c83352caf7442f20a",6.9e+08
"fc8836e71725949c5f3fa7f7",1.15e+09
"4f431d80287051ca323f2c08",5.8e+08
"c7214222fefdd8d2ad7f8f8f",1.07e+09
"6732b448d2e4f32679f235ad",1.12e+09
"32f3364ac1fabdd13db1cfe5",3.7e+08
"8cab957b322f1aba06bae4ad",6.2e+08
"e3dc8b417819e9afe3fc7d0d",4.9e+08
"c71fbecd8f7310c201adbf40",5.8e+08
"54c9bffcdc46819f67e4b3d1",9e+08
"874f4a836cb74be301e068cd",8.7e+08
"a18925f908acda4171bfbe36",1.08e+09
"964b7d9de17c1ce396fb83fd",4.3e+08
"62cd6a29e98a5b7a5ad38050",8.7e+08
"9c6d7e6260e4fe83d43706d4",6.5e+08
"5dbcb55dbba823dc31b041f6",1.07e+09
"85abc5c0353c5b678f087824",7.8e+08
"268f887f25d416dcd3c0c9c2",8.5e+08
"9ddc7272fe43f07035d3da63",1.24e+09
"95ade3ab8dc04237acd6441a",4.3e+08
"607ed21e896eb5ffb50d5ead",4.9e+08
"1dcf71e8fbfef2c6534576df",7.3e+08
"c78b16f05ef58855da0d4f2f",5.2e+08
"19ecf1fc86396ada203c2a19",5.7e+08
"5af99278b1091dca9b0b0332",6.9e+08
"3f0c845deec1c24472a35efd",1.18e+09
"c10f25fd39dd36287a6cde73",1.15e+09
"f37d31c512866b575780c4b7",1.14e+09
"5d34f871e5a5cb3a655a0b13",5.8e+08
"95bb852a958d7b16fd676e3c",1.12e+09
"24857a7a80d5f13a52eeb054",8.6e+08
"f9796e9d13fe1becef435e54",1.23e+09
"1c2739878e452a340a4e8972",9.6e+08
"1d9addd835c9fe8665e01500",4.3e+08
"d8216aa4e029c0d3d646efbc",6.8e+08
"c1b0ddd3c104ec4482d5025b",5.7e+08
"bd0f754b0fd9b7af284419b2",1.12e+09
"1b5d3ddc71634099fa1f04a8",7.9e+08
"0f728f676325ece6a001b4d5",5.6e+08
"77348acef84ef77f6a076268",5.8e+08
"7f8f506137780f4cf12e73b6",5e+08
"b71905255273cbb0af1290a9",4.7e+08
"c7d5f021595b58c507f47d3b",1.1e+09
"65ba1feafecd7efdcf214ed2",9.6e+08
"b0d20a04106ebb87e2cdea37",1.22e+09
"bd612d494e2f21051556ebe7",8.1e+08
"2c30c2736472590fe45277c3",5.4e+08
"bbe2c06e6f90c4234a7781ab",8.3e+08
"b527813993b7bf4a10c05683",8.9e+08
"2f610d2242d583654337d468",1.24e+09
"12a63d4fcb56c1d690e1bbb1",5.7e+08
"1d58ad85a82f7731e0f198dc",1.1e+09
"a2fdc7da13d098cfeba13b76",4.9e+08
"1969ba34b72e61337246cb5b",5.2e+08
"8be43cd8653accbb8fe8a270",6.2e+08
"10092cf2f8afb3658ae475ac",5.2e+08
"0fd313e5a0f02df07eb6b104",3.9e+08
"b1ec4b8badc955f9f4fe2131",5.8e+08
"e491adef93281c097ab08dea",5e+08
"0d3245463127143a8a52014b",7.9e+08
"a0e3198470f97f6a169044b3",1.07e+09
"f45234a3f0aceb12341be024",8.7e+08
"a71d53ec4fd0d64f8c06da2c",1.12e+09
"f1b30c4ea99f19a81d12f73b",1.15e+09
"293320b55fad21ea3f4a5899",3.6e+08
"de2f5db1cd1024a9734871c3",4.2e+08
"7023f5a68e1ce9cfd23fd021",3.8e+08
"13faa4142e9d60412abb4184",4.8e+08
"0e51111c47813a0b0dd51b64",7.2e+08
"25e3793214088669aaaa4ca5",1.01e+09
"43d7b77a99e86e8bd21a19ff",1.32e+09
"32c7a2d032ee21f8bbc6eccf",5.2e+08
"c431fd6dbad57351a497fae8",5.7e+08
"b1f8fdc8e3e25517ab80c065",4.5e+08
"7b346d5a5f5ec7165d1f8644",4.4e+08
"947ba86487536d611f548142",1.25e+09
"3f895518a7fccca44e534578",5e+08
"232e859fc353dbff75c97cf8",8.7e+08
"b234ef225690d57e7c2af4c0",1.07e+09
"393e2e7ea1f20eb6b4148d60",7.8e+08
"668db5244c4d5b5c76b0b395",8.5e+08
"de53880a3299626eb6c2cdf9",1.15e+09
"07f10df13b244dc33b464582",6.9e+08
"e4aa393309860fd5e30f49d9",1.24e+09
"8c714badfcdef8ccc73df9cb",1.31e+09
"e0ae474a5307ef4057da4994",3.9e+08
"b8896656cf6f5dd7c33ae46c",5.7e+08
"ca3b5cd3505049f1471c47e8",7.2e+08
"62103a85a8ddcfbf5e40e284",7.9e+08
"93bcdd2a8ee1d5b61d00d58a",8.5e+08
"682b38de3539b2a584446922",4e+08
"1cfe9cba4c2015e7b58f05a0",7.1e+08
"0935e87627068206f6d9c0c4",6.5e+08
"10afe23f1f58f96422c97934",3.9e+08
"abfda926d174a8da1d946e27",4.7e+08
"fc9fb2f209a4b5e66f89712b",7.8e+08
"6c598362e322971968739673",4.1e+08
"130a119701171ed3c439c527",6.3e+08
"849c918d78991c57f32f2031",4.8e+08
"036fc9e01b2b1e3ef4574372",8e+08
"e4ee1a81aa121aa5f55e20f3",1.07e+09
"0d995f0ad226dd21bc96ff6b",6.2e+08
"e47aa2541fb576b9915fd625",5e+08
"61fe9ea90c8a777971db8384",8.1e+08
"0cc5caa9b48a835c92da7653",9.8e+08
"9a7f24ba55c92696d377bcb8",6.5e+08
"32366fe92222b329e3d03b29",7.9e+08
"53a447ad5e011909080c0ecb",1.24e+09
"2e52008bd11000eb776bd80a",1.24e+09
"078f7c6532204fe046b13d14",1.08e+09
"28c0649dd8b294574a876e95",9.4e+08
"358e85ba765ddde3ac31be33",3.9e+08
"5e6b2661bb7ba0ce4776d483",3.9e+08
"cde84d2435eb1d0d4ffe2a43",7.8e+08
"78fbb49efe7dc0d8e144ad83",9.8e+08
"606affed5c707249158c4b49",7.5e+08
"27ee3504d1df34ee8ae5dbb2",1.02e+09
"98aee6a36f208227a992f9b6",1.12e+09
"388a6dbda422f886e503e685",1.24e+09
"2869a2d2689af65497775b1a",1.1e+09
"19993833220392781bc15279",1.17e+09
"f0efda3f7fb18af1b44d6aa5",7.9e+08
"cb915d1ef92dff803c5cceae",1.14e+09
"4bf02d040efe5358d4a5940a",1.16e+09
"1382140d8fb634851d4d210e",1.24e+09
"0356797c1683d002bcd94899",1.27e+09
"cf1ba56710023ede80a8381e",8.4e+08
"2d4bd56e71f90e6fb387a2b4",1.31e+09
"c87d9677bed80b0fe06308b7",4.3e+08
"d331a4d58875a393080fdc48",4.4e+08
"2f3281ef06475d2114fbf9a7",4.3e+08
"487ede1f7f155194b69c531a",3.6e+08
"81e7c8c1894e0c3a9315ff27",4.8e+08
"7cc9cdd32c209a62908a18ad",6e+08
"1e18024ab7d931bc7ab5873f",9e+08
"baa146a6537e8630180fdd35",9.4e+08
"8b788f742021f2438ffbf528",4.1e+08
"66d41314804d77ea0f440695",9.4e+08
"72dec1e6e65f6117e10a2473",4.3e+08
"4066da904062a0041a809b02",5.8e+08
"b7570bfc5ddc7caaf610908d",6e+08
"f6c6eb3fac9658c4951c4222",6e+08
"5fe25ab9cf4ea071cd6287dd",4.7e+08
"0ef36d33e6c378c946b8a65e",6e+08
"991a94dd1e99de493672da14",6e+08
"798d87a368f073efafead25b",6e+08
"9e8cbeb53820394a460f0879",5.6e+08
"7b5582907bf47bb9e873a513",7.8e+08
"12bb70a95996dc6e286086ed",5.7e+08
"9e9e3655ffa5921889cd8ae1",1.14e+09
"f2bfe55b6188070fc5c3f59e",1.15e+09
"1f00fb18ad48b32c666fd319",7.9e+08
"86f15ce6ea8e97837e6b9383",8.3e+08
"c4cf9ab3776289a412684892",8.3e+08
"1c51566c7dedd4a46503131d",1.1e+09
"62259b400be228a30a655a59",8.7e+08
"6f435cb10e5728ef45be9f29",1.24e+09
"812ad0d57e4291da184bfae5",4.8e+08
"51a0a1a680770b625579e25b",1.24e+09
"a91fd5b9b1a791a6af59b70d",9.4e+08
"094da6ca19427f1a943105f6",1.17e+09
"7af0a604d1901925aa179436",9.1e+08
"b4245f075bc41aa29b55d324",8e+08
"fea5eb95dfad452d6786b042",4.5e+08
"415622d0f7adb1a9f7009a63",4.1e+08
"dbb4260c89524c78de7433be",4.6e+08
"5b312ebdf71ab7971f9fd2d6",6.4e+08
"546d570784c7ab8746bba80e",6.2e+08
"cca9a08bc4a91f317b851f11",1.1e+09
"bf43226ba66a3e2033d32fe0",6.2e+08
"c2717194de73e1a1d8dce40f",3.9e+08
"acfc06021a7a81313d85f62b",4.3e+08
"2d531a26f8b1a8afa511e3dd",5.6e+08
"4a8acae29064919c68fc8600",6.5e+08
"691b030abfe1190802349715",3.9e+08
"a302ef23e1d0d6a273274cd0",4.6e+08
"93ba409ab36d3e10eaae18c1",9.9e+08
"5717732a654405ba208c0f5f",1.21e+09
"aebb556fa6c9275a9b5c543c",1.22e+09
"3dcdbb92628e6a200adf48e8",1.31e+09
"4993d1487d78cd9ae2c23619",1.25e+09
"a8a2c61f2b994411af5d9bde",1.34e+09
"57fd11f829e31e198326ac98",1.12e+09
"59b9a5730cc8a41bb7a1d16a",1.12e+09
"85b8a65f1b00f78e67622bfb",7.5e+08
"971c610e55f133a1d1e6c2b2",1.04e+09
"0f9867abe3ea0b9c5363982c",1.03e+09
"086521dbe18727963538aa7b",9.4e+08
"bda3c74ea6f73407a3c0a17e",8.7e+08
"257c765ac81bcf773473039b",4.9e+08
"80d2415c0460088d69574285",1.01e+09
"eae4a1cce7c039c644f01c6a",1e+09
"b07cd6c30350efc5de211a8e",1.27e+09
"ca02c904cf5eb96ad20705ca",5.8e+08
"b925c9218f5132c6c81f3a18",3.9e+08
"9a091c59b3cb4c730372b34b",4.1e+08
"bcc704b2e178dd20497e073e",3.9e+08
"9f3680d00c86707fba024dac",6.4e+08
"18d5cc463455fdb4d443a6f2",4.3e+08
"f1d76d78f9266d9552bb86f2",6.7e+08
"74dbd25d407e51337f883659",9.9e+08
"88ff73eb829a6ec5bfcc0222",1.02e+09
"d71d0c8357f09fe2f77bedde",6.1e+08
"90b28f5125a0b8a0e3b10580",8.3e+08
"1679719f26e7c650f24eee6d",8.9e+08
"0803ef3270948a30b3fee2f0",4.9e+08
"8bd2490f83568ba653cb74f6",8.4e+08
"a22bc19d0d83b13a53630b7b",4.8e+08
"ab419cd48b81038c5a30c721",5.3e+08
"78c17e6ceb87f7587364c873",5.4e+08
"22e8713e2051c88cdafe2364",5.9e+08
"79c5085c14068e492e402a26",1.27e+09
"205e9d987013859f391b27b5",1.1e+09
"6cc0fe8ddc318f1bbad360c5",7.7e+08
"3e0c656b64d39ab38201a112",5.1e+08
"cd55abdb54bd56d54b11fad2",7.7e+08
"7cd39eb8de56700519d8f287",7.1e+08
"d762007a4ea5de370738e875",7.1e+08
"f4fc67d9b9c6078003f9af35",8e+08
"dc0a4632d7378c25be351760",6.9e+08
"349768047d470d2fa6ff1930",8.5e+08
"e017c3311e2fdeb50a686547",1.16e+09
"bd0329ddd50f2dc4dafebd26",1.18e+09
"f640753edfd8fb1a995f1de1",4.9e+08
"69a1f439de0f06e1143a0006",6.9e+08
"98f253233bfcd16533e2a448",1.16e+09
"599506739a6544839bd97b81",8.3e+08
"a12f49f4ac3c5bb0dc7d8d20",4.5e+08
"9da00f8ff8e19d26c1342274",9.6e+08
"cf5213877dfb4df98f0dc10f",7e+08
"84c7006b5a63add890a224e8",7.8e+08
"88aed38ca59c09e1a6202672",8.3e+08
"1704b2d5f4a33401fb153608",3.8e+08
"ee70354146295365bf241d9c",5e+08
"fbb0a76f05908c118f7a3df6",4.3e+08
"2aeb794adc9892354aff7240",4.4e+08
"b0a32581cbb586f9710dc3e2",9.9e+08
"ad7f3aae29fa1e7ec900b563",8.1e+08
"1695225258263bd2f463b21e",8.7e+08
"f72fb486fae49fc1de1fdcfd",1.12e+09
"6b8f7074aed7ae7e6cfbb090",1.31e+09
"619dab52b321ab297a604185",1.28e+09
"b5bb9af24f9de68e91a1df76",1.24e+09
"83a376df2024c4c9fbf2a0ca",4.7e+08
"c16ab4a11cf67a39fec6f049",6.3e+08
"9cd1127b1bc10db6b8ce5d4b",1.14e+09
"97ce3e0ef38ad12f7fa8c4d0",3.9e+08
"c29ec380fc7295a9a770a74b",3.9e+08
"5987f6171a2bcb37062ccc94",8.7e+08
"1e91de6194769980800b4de8",9.1e+08
"34dd15023216e187daaf5a07",6.9e+08
"8c04aa7506b8c80c1bac23f5",1.05e+09
"9ec426691c80918203394ee1",4.2e+08
"4aaf6763c105ddf2a6eddbfe",4.7e+08
"b0bb2299d5f456f800993a11",6.6e+08
"f967ad5e086f485c27f09990",1.02e+09
"2cc821cd7b5fa82b27308f87",5e+08
"f05b3779581ac0015f29571f",8.7e+08
"dfe09a5f848e8e819c361ac9",5e+08
"ba87ed2a657b0b042a05460e",5.9e+08
"f967aa89a4440cc1c44bdc54",4.7e+08
"81fc8d666c8735e1095d0d4a",1.11e+09
"ce53f3477814fdea2889cd2c",5.8e+08
"808dd470aed6064f02aa5103",4.8e+08
"57c68d470f6248d00b6719e4",8.9e+08
"b5f0dfbd34392f6855bb4b52",6.3e+08
"906e1f2e1bc5cd51a55b0266",8.3e+08
"35e0cac576415a4e61acec80",1.1e+09
"587e67078115103d184970be",4.3e+08
"7569fb4aaa9a52d6a525e3b0",4.6e+08
"db122cadb7a9c33f420fe246",4.6e+08
"e852246b7661d30dd2e1f0ab",4.5e+08
"fac4f0bee67523194fd4312f",5.5e+08
"439004dc23f97a878ebf371a",7.3e+08
"192e05cd731950f91fef1d83",1.21e+09
"0fcab263453a9f196468e552",7.3e+08
"dd34882ac55c57480663f7ec",8.9e+08
"c8d179013c5bb6379693ef03",6.5e+08
"eeb6fa8f820ec63aa0aaa303",8.3e+08
"25488b1c8fedde6250b413ba",4.7e+08
"5ba6b4953759b45cb83512c7",1.02e+09
"8ea02baab0c59eac6584f62d",1.04e+09
"b5c34f90096fc88b8ca758f2",1.1e+09
"d406baf5cc9b4473ae9b8426",4.2e+08
"070912b7e5fb205918c1f4a3",3.9e+08
"659abd72d12756ba0670f466",4.3e+08
"e89774d061d50c83b409a071",3.9e+08
"fd6b2efe5da2c35058333bbf",6.1e+08
"21adc839dec9e8efb128abf1",5e+08
"aa843a050ebe8e4b3a04e9ef",1.06e+09
"0252fcaf7bcde09274d34be5",8.5e+08
"46d77c92811f0c87d2d4907d",1.08e+09
"a8c662f906075eedb098ae5d",8.5e+08
"efde559422ec1dcc55abc686",9.2e+08
"df3abaff81c430b4ba85d4a3",6.7e+08
"bfd2f20a7bfb0d865d7f7193",1.24e+09
"fa3ee96e6b6ffdfd00aa335e",1.36e+09
"5428bf7f37a94ce9fb2dd435",5.7e+08
"fae53fba5d405b2e6a3abf01",3.8e+08
"3b52bd5eee5ef8e3871dcb3d",1.34e+09
"06a2efde5244f7d653ddfb8e",7.4e+08
"f72e2f6cfbd32d97bbff3ac5",6e+08
"2ddda0ae748b38a6258f660c",1.09e+09
"b18107a422b9eb6da9fb692f",9e+08
"c9ee7f0666429c0c15c37499",3.6e+08
"21e0bc9789139640ea33ed09",1e+09
"bc41e69def6bc7490800c4a4",3.6e+08
"ed5dfe95f82f4c087af07045",7.7e+08
"02060d2f56e979a61427f806",5.6e+08
"88ffa9f0bc3f6c9f2e589a75",1.05e+09
"9562ef63320854bc6f94b5a4",4.9e+08
"c04e72fb6244d9a9b28322b8",8.7e+08
"3d141576443a97b0202c9672",1.07e+09
"8420bb74fadc0c8853cda025",4.1e+08
"b274adb68a37458cc5181fe2",6.8e+08
"8561bc940a91f029147430f1",8.7e+08
"258a968e403e747af5693a3a",1.18e+09
"9634cfebe7e6b095f0065ee7",7.7e+08
"1f3544c9f47bc00fcdf59d74",3.8e+08
"f0ce47907c3c30b6b5e990b1",8.8e+08
"1432cf7de2beb14fc7603ae7",1.15e+09
"60f0df18cb4324ce5f4bf650",8.3e+08
"0823be832fff81b3f1291859",3.9e+08
"6ebe90f7140b738b3696f086",4.8e+08
"d33994c75d98941acffeeb90",1.03e+09
"fc2ceba651bc629e7f690849",9.3e+08
"3a10398b72905bd710ffe9e1",8.3e+08
"340d1313fc2dc8e5b6918262",8.9e+08
"23fe512fcb21a0b84781a318",4.1e+08
"f75009356c700f7da7106cc7",6.3e+08
"6f502f363fb55811478e3b88",5.1e+08
"a460aea3370926825b0dbc13",8.7e+08
"7a21a8d99a85171334695004",7.5e+08
"279f6f594d3f8ca8e8a5e2d5",1.15e+09
"bc3c509022e3f6104cba5203",1.27e+09
"4ea46b833575642ecb2ed1cf",3.9e+08
"b83a5c303a2b079585b9b94f",5.5e+08
"a3c45875c0834b144f834798",4.9e+08
"5d54a0a596d49d9f85f1b5e8",6.9e+08
"355d1fb69bcb4e8e8ed9ba1a",8.3e+08
"cd791a46ed616911ae7d4fbd",8.9e+08
"0823b0dc92805ab05d3f8650",1.1e+09
"3921d7b508fa1591d40802d4",4e+08
"7baa3608aad1fbf357d789a6",8.5e+08
"a5b8869e9cd3d0cc32a0b298",1.09e+09
"d084dce4ab9c4008ffa3bbc4",1.02e+09
"1bc2ae31ed1970ba52b1ff60",1.27e+09
"2ae3ae7f794d558ec119287d",9.4e+08
"ebe1b5c9471f3441a388f7ac",6.3e+08
"2d7bf0032580e6b6dd1ce36b",8.3e+08
"30677852542c78698083d4f3",1.14e+09
"4ba85374c1d1f1d3f4632ca1",3.5e+08
"9a471715e4c4865b822a6b77",4.5e+08
"4e9f1e21c855f1166428fbdd",5.5e+08
"f11137d27a5d7fa57f94e97f",8.1e+08
"5fe5f3c5919c0ebd57ec8e36",5.7e+08
"e40742774df7d2b614f32de6",3.9e+08
"24b28522c72f7fc359f2a718",9.3e+08
"26ff1e1f4a6f6bda702fdabe",6e+08
"9e617d1fd8a4f33d7b66098a",1.15e+09
"fa57f96bc6affd285d10c4f9",4e+08
"c0ea6c76eb977d83c163fd7a",3.9e+08
"5282c3c48495dc31359e70c6",4.4e+08
"16263617308958055850aef9",7.9e+08
"729f5fab1578f8cae4fca8f9",1.08e+09
"3a36f59d7c0e6c4eb85ca0cd",1.02e+09
"630f00e15cbd7826475d1509",1.12e+09
"434782c3d1dc2b9ce7bcbbd9",6.9e+08
"a470bd174fc7587dc1449c89",1.15e+09
"99c6f87ac92cc323c8caa005",8.7e+08
"15d910dd93e0aec22ccc2083",1.14e+09
"14e179618d1a44c5c55e23e6",4.7e+08
"7200e3ba2013876cdbbde972",5.7e+08
"9ddc1924043ee8361201b39d",1.01e+09
"adf176b63ea23e08d252b5ea",7.7e+08
"7f0f27f6d30c743acb3e867f",9.5e+08
"0f937643c067371018c8deee",1.13e+09
"adf948af7b24f9b6f29610cd",4.1e+08
"c90486bba327ede32dec60a6",5.5e+08
"d254d88ea0989a609b71fb72",5e+08
"17c0a8fd3a2c8b5b18d61e4b",5.8e+08
"1a1016e7a96da2237b391be5",7e+08
"c5b40b510bf7f121c93a2332",8.9e+08
"aca37e216a27b4dd5337df99",1.01e+09
"96f59167d17d1c99f31be997",8.5e+08
"f44726680d0c594a2d430bbb",6.9e+08
"8aac8946e7ae5725971c5557",6.9e+08
"c06f36b42021a1512cb6e3bb",3.9e+08
"ddcc7f7a087aa5f4797a8a5d",4.8e+08
"fd6e9c9ed7679485dfd0b022",9.9e+08
"d505277049a254f960e114ef",8.1e+08
"32040dd7b8edfbe331773288",8.6e+08
"1a2aa38b8e18fd7ed5be77ff",1.04e+09
"4883f7ce7086ba9c8ddd4315",7.1e+08
"2346533f4712f3bbd036d85b",1.03e+09
"f6a12c0f02fcff1be042ed0e",9.3e+08
"e87779bf2f8af86fc4ae9583",4.3e+08
"4a809b3987cff0290c1df8fc",4.1e+08
"081e008e772c6a79b809a87b",7.6e+08
"0eff08cf4bc42dd442a70231",6.7e+08
"b4e084d14962cc58d4089955",8.1e+08
"d02c3b5ac6fa0ed6db06e490",1.07e+09
"e8abf103cbe9fecbdd758516",8.1e+08
"256a6ba3ff423a899229f154",5.9e+08
"097314d920292b46eab5dbc1",6.5e+08
"4ce0fcf14266d144c82f8d4b",6e+08
"40ef1682158d0c3cd07f484b",1.12e+09
"c3140ab2134de662162af508",3.6e+08
"0fe23ccd8e42605f4d9f78a7",3.7e+08
"8816e8101ddc4e704053e23c",9.4e+08
"9151a8c65e1f01ce591c595d",8.3e+08
"ece0394e38b152e6c1571324",8.7e+08
"e6bc998ad1d87c5be3559ab1",7.5e+08
"53aa9cd32e2a6aa346d3d789",7.5e+08
"69e6fbd4d3816c4cc37b265a",1.02e+09
"368f7a70a62962bf31ec9583",1.13e+09
"07412230b931192771072334",6e+08
"e63d334d9ae8b672dc7b7d5c",1.13e+09
"3e1c2c5b0831edf78f7b7082",6e+08
"7902ada9116a1cf7458933cc",8.5e+08
"ea63bca8e3a77fe88d88fafc",5.1e+08
"a3c7c54fa12d5b57dd997210",5.3e+08
"cdadb2607807935a0a5597e1",7.5e+08
"c714b30713eb7877ed3cd92a",3.6e+08
"bf120b883bfaf7641eda65a9",1.01e+09
"90b34ed38e0f18988f11d77c",9.5e+08
"feade1f4b3b06fdc12ec213f",9.3e+08
"4c0892a39011cc6a37fc1145",6.8e+08
"5e5ea93675900efebecaa19a",4.4e+08
"084de1226de9a6f4a6075c2d",5.7e+08
"54f16cb9563346e15b019102",3.8e+08
"512a6de80962ab797ed2bf72",8.4e+08
"871befe27fa79fc1e1813b19",9.5e+08
"f4c7cc4a249ae7037aa0b35e",7.6e+08
"b7273cac93fb7a0034039600",1.16e+09
"b73bcc0cbfa173c9fa404369",9.9e+08
"3c4c18326318a7207b589dbd",4.3e+08
"6dfa362ff7a0d55693793db3",8.2e+08
"b070e3747bcf22ed67509efc",7.6e+08
"7333f19416625d6f4244fe02",7.3e+08
"3c86651d9bbfbb335f15b544",5.7e+08
"9d8affa93ce4dc7c1a21b3a3",8.7e+08
"eb8cc67810d95d1b102410b7",7.9e+08
"047f94605add5f6f84fc3f90",8e+08
"5814a1dd61362ded4f1d8d8d",1.31e+09
"141ac7bbe9637f9e5142135c",1.14e+09
"63cde4fad1be942dc5ee695d",4.4e+08
"85de01c0aa787152c77c6180",4.2e+08
"c9b0673becdedeede0209697",4.4e+08
"15ee6357e02b76367682d6bd",1.07e+09
"5f284a75ec8e9c72abc76695",8.9e+08
"37e696957da15625da71146e",6.4e+08
"96a478c359fea0014fde607d",1e+09
"1a61721fb7306d55dd77b6ba",1e+09
"a7577260fa10bf408f1997d8",7.8e+08
"b3f8ffa761119a5441a44ad4",1.08e+09
"a5c85b445f503a56e0e2a924",1.15e+09
"5aac1a1d5da10b76ba4b690c",8.5e+08
"1420543e2eb5f38e4d38ba81",1.24e+09
"15005fe7eb24aa25b9e3cee7",7.2e+08
"9530217ea0b5d2395adfcc9d",1.1e+09
"04bb7cdebb8b66e783058248",5.6e+08
"d60cf6dcb7b4b40077536604",1.03e+09
"919bdfeb16dd0bf67787d53e",4.8e+08
"58a724e8a0e05140b07539b6",9.3e+08
"e80ba06329760362c7685ca5",5.7e+08
"3cecc0cc43ef46670a8e69bd",5.2e+08
"cf9eb2cd0f20b13cc8816bbc",3.8e+08
"4b3a6baf8196a59bac8c08c0",5.6e+08
"4f7d630c921cff500705ee5a",5.1e+08
"7b7c0544ece4aa383fd5b4ce",7.5e+08
"191094739043620c72aad2a0",7.6e+08
"a20435d582c7646db231e7d2",9.3e+08
"1555743ec7e2f38904852860",5.8e+08
"1c7452cfc46652a60b7a4f05",9.2e+08
"97439d5a82f970e7f50d51b9",1.04e+09
"103f6eaf04b44c4013acf097",7.3e+08
"5a9892659590355b91442979",7.3e+08
"ea34dfefac91681864c2bfe1",8.9e+08
"8ccd326e4f515bf7e817a14a",9.7e+08
"94535dcf38c9c6461a73db02",4.3e+08
"9b3557302e940d4da341cdab",5.5e+08
"edf8c961862a4ff8e1e44f1a",9.8e+08
"6e508fb72f189a4fa91bde58",6.6e+08
"7d0a4771afb00cf9a38ccb81",1.24e+09
"3676f63aa0ab23ca7cd344b7",4.1e+08
"3710ec95af4702c45f165279",7.2e+08
"aa643acab634ee591a2a43ce",7.8e+08
"d6438814f4ff3853bf6cdb13",8.9e+08
"a37522af63bbed2f4d10900e",1.24e+09
"3e7f514983daa92e49a7c87a",4.1e+08
"97a22807207cdfb341d5c50c",5.4e+08
"255c5b92d71a00c3a73b9aa8",3.8e+08
"51d1df6e1f28c40dc9074b74",1.02e+09
"62313cfe4272d263173e1ea9",8.9e+08
"5d2fd288d33283826210cb90",1.1e+09
"34f4df9fce2ec05633d0cbd1",6.4e+08
"1e4fd826fc8693b17f6efc3b",1.14e+09
"efd9d848677015f13688453b",5e+08
"07cd866c871333283ecb2d23",6.8e+08
"080969c751cb94822aeeb755",3.9e+08
"1e37fb708b70b6b5e8fb5cd2",6.6e+08
"ae59a0d6441697841d86cfcb",5.3e+08
"2fdb80ee4f9a35663e92b3b2",6.8e+08
"3a513410a390c75fc14b0b3b",6e+08
"2152ed6b2b2eaf16ec272cb6",4.4e+08
"9bf2e0c1bc82010e92da2540",7.5e+08
"110af3c21ecdf156898c7c0d",1.07e+09
"2790ead3eba9370f00024472",7.8e+08
"9b06c7cebd33cd26cd6cc089",1.24e+09
"fbb89795386c14f5088fccdc",8.5e+08
"e8a3d9d6134ae8d631791e52",1.24e+09
"c520b7e8de3796450ce49a30",3.9e+08
"bb5726ac16b4ade709151159",4.5e+08
"b4dc6733589bb35444b74c55",9.5e+08
"3b0b0bb06d95c5ea1aed2d95",6.3e+08
"6396667677a878ff61e1b536",5.4e+08
"ad4d91ed26c1fd5702b94064",7.9e+08
"2b802261b8bd839aa0b04b16",8.5e+08
"0bf9fe130da23aea7142bb7a",8.4e+08
"799862427c1f335eadedf4e8",4.2e+08
"7ead45d1f505649429904307",6.7e+08
"710b0541a025b1b6a5a80c41",4e+08
"e43151473292e4e98f121f63",4.7e+08
"e04fab3d74d14be3b8dd2c8c",5.9e+08
"825f57ad0527d4abf41cffc9",8.7e+08
"0d8074979d302868c2534262",1.14e+09
"459963742bbaadbd9db97723",8e+08
"235b10cad7233d579a966948",5.3e+08
"4443407341bec8b7b0af40b4",8.5e+08
"d7047492f4c53a0cdbde60e5",1.16e+09
"f016623361c6ccc5163e79d5",1.18e+09
"7e86f11cd63ff6c8a3c12fe2",9.8e+08
"9d7f161ee660b1bcb54574b1",1.14e+09
"2bb55b0a92d62454867bb158",9.8e+08
"960c9349b6ef9b747ebe5829",1.2e+09
"2c8352c418097f82a50d9bbf",9.7e+08
"47d7ba800f164f397fcafa9d",5.9e+08
"610061a0e67aea7d222f08cf",1.25e+09
"a33de2559b5f56d1b3cfce08",5.9e+08
"f020fef57e9069e4dea2d71f",1.35e+09
"9239fafbffc066dff0811302",3.6e+08
"8e0ba427ea909cb7943929b0",5.1e+08
"b3c99f30b16fa80cdb4f213c",5.7e+08
"5cfc9e48ab90da0f4e98a7ae",8.8e+08
"c12904320223ddd043f39c63",4.1e+08
"8bce0097d22b34a804b502bb",4.7e+08
"ec1171cac1eee089be6f427d",4.5e+08
"5d85d77a06d0f0324d15d162",1.07e+09
"0349908483ce628a0a5fc164",9.8e+08
"d74da3bb780515b1273d741c",8.5e+08
"64cb8fc8412c9247a5c243ce",1.24e+09
"3a53919313bd750f2b1af906",1.16e+09
"91d265ffaa6b407e9747b15b",1.02e+09
"1db1d1b76e09197dd915a8f1",1.3e+09
"799afa0396b9f268f239db51",4e+08
"fa70a55dd0e2053a1b566de1",3.5e+08
"cd968f8973a267790a38f2f2",4.6e+08
"c46b122728ef4c9ae8be444f",7.4e+08
"6ac747618b6ca674e86cd275",4.2e+08
"afb02897c700dbac941ba8b1",6.8e+08
"198cd3f4e9be65b83f01ceea",5.9e+08
"5b139fdb19ff722a846d71f0",8.5e+08
"8b554961129384797391d1ae",1.02e+09
"854e27be18fb8f24fd433eb7",7.9e+08
"241d9f8599ce6cadac1d6609",8.9e+08
"b85b37ae83ef95baa03752f9",9.4e+08
"6dbfb281abaa9a6956c080d7",3.7e+08
"af67a68803a18663e4b03eb1",5.2e+08
"a9c212f77a048ddc33ecebba",4.2e+08
"f20a7f264a8285a75dacdc1d",9.9e+08
"61a363a73f3c93aa1775c4ff",8.3e+08
"821eabfeef3dcc622fbcbfc4",4.4e+08
"3d722d960b860b4bee79ae2f",6.2e+08
"4d3d887d2236c2f897f3bbd4",5.4e+08
"7fcbcd9e274b75a157cf5d5e",7.6e+08
"88ea2d2d7cb6d641df3ad76d",1e+09
"c06088db17767866b7f4ba7d",1.07e+09
"e4a9626b1107b9397d0067aa",7.2e+08
"82abb1fb693f34877bf1327e",1.03e+09
"61cb98125f43429f7f93c898",8.5e+08
"796eb5ae3ca5b63c9fbb240a",9.2e+08
"e6f3eee9f5048005f24f0943",7.9e+08
"5bf6c1862c0bc967da2cc484",9.8e+08
"c64346c8b0ba32a55292e66a",1.16e+09
"ad6317cbcbb8bc27b0774fca",1.18e+09
"5b84f5de073000ad4d4b1a04",1.24e+09
"ef61986cca74fe8585b1b287",5.5e+08
"e1d8eacecd35515eb19f9135",1.15e+09
"f927027bc766ae6c111fb685",3.8e+08
"b485036419de03f5bad01f35",6.9e+08
"acf15357c1a919b6ee78f676",1.1e+09
"f3bb60434cb36fcdfe218478",5.6e+08
"cf8bbd3528d3e7e2b8f50c29",9.3e+08
"730804efcdd755786bf734ff",4.3e+08
"9d021f3fcbe5f82fa1c1fd94",5.5e+08
"975ea2f56001edae07f28fca",3.9e+08
"73bde441e18a9548c034372d",8.7e+08
"a9878134c12696d8199a1ff3",5.6e+08
"58185ef7646efa724e904f5b",6.3e+08
"37d5b8f329ed1ec29d4bc035",5.8e+08
"1ad9e105d9da875001111075",1.01e+09
"b38816ece917027a179663d4",1.04e+09
"de6aef9a5e47a614b75ee576",1.02e+09
"d168181ef0dcb853171cdbb4",1.23e+09
"8544bc14286a51e60ffee7b0",1.25e+09
"1bbbe4e1eb264f5c69467e50",4.2e+08
"283c1142d027be336a7bfacd",3.9e+08
"4d09c2354c67243c968dbbcb",6.2e+08
"0274166db611aabe4e946a83",5.2e+08
"e04473aa943812de1d662058",8.8e+08
"7742e8923a4b832e3d94f3c7",5.8e+08
"a63c26369cfbabfc9c2603b6",7.9e+08
"d938d682332fa9e5c4986024",6.9e+08
"e9e39766e2c96bc783d580a9",1.15e+09
"2d6aaefe0f50db8acde6fd1b",1.31e+09
"0ce068461fb3bf34eee000bc",5.4e+08
"b5606ddf3a4e60e2a0e0d6a8",7.7e+08
"94118bd8c3da3f14f9c7836f",5.2e+08
"e3bd8bd5884a55fc1a151687",5.9e+08
"fe8a10fb4031669a9b21c919",1.12e+09
"08eaca41f26eb387b67bf30d",1.15e+09
"5a5a581ad5540fc82cd3c2ed",6.6e+08
"b50ff8bfc0b4c4b165c5ccf7",9.3e+08
"2abbf26e80643dfc1b75edcb",8.7e+08
"c062d873af3b7cb98ccbeec9",1.16e+09
"67f664c8f9250a22c10b4f67",5.8e+08
"39af71aaea23b5c1e987de32",4.9e+08
"d69b019e6d54faa1cb044d39",8.5e+08
"024e94e72ae88464621539eb",6.9e+08
"b980c778ecb2709696265c10",1.15e+09
"8780134f8b40f0fec4d1b661",1.12e+09
"107f29b67164ad6861cb7059",1.14e+09
"d5583fa23ed97a3b9413e910",8e+08
"4e6f695bcd4d3c0d8497c1fd",1.29e+09
"48e687093fb26d29cda9ad6e",4e+08
"3ad3c519ced4b63ddbfdb0a1",4.2e+08
"7930f32456e796e40fbf78ed",8.3e+08
"f084bfc530f4039f6631537b",8.9e+08
"4d2ec23fff8eb502a9d93353",9e+08
"a6f570e11883e74654898d75",9.4e+08
"b1a13541b37964b8b85f4669",4.5e+08
"94213637892f5fe643cbe8ca",4.7e+08
"acb1d16ce30aee0a39f01f09",6.4e+08
"e0d837e6d5d74fe91d39d23c",7.2e+08
"29028322a6d692edc5ca713f",1.02e+09
"03d54a6e80d48c96a7f6a1fa",6.4e+08
"8616b310e335f539ab1109dc",7.9e+08
"6c21f6a3513869f93b32e9ec",1.19e+09
"08f74ad7f06f2c409903ddf9",6.1e+08
"2ec9f5265334241fc594976f",8.9e+08
"68ea36e3f441cb6da8d36198",1.27e+09
"efcc8d268982e95fe2fdb311",1.24e+09
"87ca8a2b3251a38d45730f5c",6.7e+08
"b9f9dd0d368df912e6e0ce70",9e+08
"40558b62d83e4362efe1fe26",4e+08
"bc474096496b98177e40f590",7.7e+08
"2b55989b2253416428ece917",7.7e+08
"7158e3a6d456211d4533e246",4.7e+08
"d4fac54e137f5d27ce5f457a",7.9e+08
"faee80ca0efce20e731823bb",9e+08
"8ec09555f5a47f96a8683699",1.18e+09
"45aa335dae223bccb31ff7cc",8e+08
"f72cc14d79ce15491a96ddfe",1.16e+09
"69ae1f2868fe714ad8e2f114",3.7e+08
"ca4f4a66d83f2043a7dca261",3.9e+08
"c0ef32a7a294e5891505bf35",3.9e+08
"3a00543fb00cbc044a5b3527",3.8e+08
"81df59c6d8be19568d16ea3e",3.6e+08
"3ff9e75c6de41de517d1c4a4",3.7e+08
"147f80fbae69dd577ff19950",7.5e+08
"78beee9b7fab8600d420fd27",6.3e+08
"568509a7aba60f8fe2d0cd5a",6.4e+08
"f6d3f7e963c9aa1783b3adab",7.9e+08
"ffcf6794a400aba909383b41",1.07e+09
"eec51f949083f39691e37e15",1e+09
"26f3d5bc3adcd1396747a414",1.1e+09
"98a0289e513d5ba036b24252",4.6e+08
"597d3f78e2f413acabf825c0",4.7e+08
"43a91a731e86b9a0784f717d",8.5e+08
"f34ff57e272cd08056e6a243",8.1e+08
"6f68b289516faa0b7ef36a34",4.6e+08
"8bd8a7e19b6d3b8bcabb84d9",5.5e+08
"74b64bd536ebbcd7c30ef8fd",1.13e+09
"f968e756cbe6504fa0f32458",9.8e+08
"e99d9dcb9880cbfd219b4297",9.6e+08
"4c9e6812520f4aea4ce435ae",9.8e+08
"d417ff438d2a418b1f9e50b6",6.4e+08
"3ac77ed776aa4630c7293240",9.3e+08
"95173735a8f6e554f083c065",1.11e+09
"83da39bc1a2eeb75e2825c22",5.8e+08
"521e9326a2003c7b56fc4365",1.08e+09
"dd59ac4f6706a1399360bd14",8.5e+08
"d6c6e7f923ce2cffba8ff9df",7.9e+08
"3a9b2ef74c59e96a6b107357",4.6e+08
"d600310e19c926cda14ac923",1.16e+09
"183f2cf1a1c7eb9700b6e72a",1.24e+09
"42556b1bae874a5c09777873",1.18e+09
"57c1ed738536d177d66fc52c",1.24e+09
"26cdd114566b7cc63cd96fb8",9.8e+08
"0f679cc583a47b30ea132bbb",7.8e+08
"32ea7e13e8d9391aa9b7ab9e",3.9e+08
"0a482968c7cdf212401d72b7",7.1e+08
"85e4ee2583c51592d68ef5d9",3.9e+08
"f4ce15aaa352d707b68cf773",5.7e+08
"7d383abbb6ac49c6599ffb0c",8.7e+08
"6c67b1b0991a1d79251855c3",1.12e+09
"9e52ce2cb6f6b7e2a152dd54",8.6e+08
"bdeed3a7395cdb9b175273a6",7.9e+08
"3247399a31df838ec5fe58c5",6.4e+08
"33425419e1a8e854418c5180",3.8e+08
"fedf2e30e390f5cf74b27e97",4.1e+08
"13f681a090b36edf38a4abd0",4.3e+08
"47e0c773f65485ab7c78d49f",5.7e+08
"9e30b310c820d0426f504d90",4.7e+08
"f0e68102ff84f49d90fe38f4",4.3e+08
"3c45bf3e3e31e7804ac91704",6.6e+08
"18f6240cad6e92f9151099c5",8.1e+08
"1e63fac2629793fdcb793f1e",7.9e+08
"e0137390f0186c98f4e91263",9.9e+08
"e35f95823a486c52b0f4c2b6",6.1e+08
"a183a1c009abf7251fd725a1",9.9e+08
"6bdd97526b1a9cf10853df1b",1e+09
"f083a8f187e2227696695ee1",6.9e+08
"2621e068043a5019aeed6c8c",7.1e+08
"3b43e7acfab46651b099b1ed",9e+08
"4bc1e2cf5e5ffcbe1020df08",1e+09
"949c4a5382aff4750b4dff83",1.23e+09
"a63b4a22614d334b4a61ea16",7.2e+08
"701768887155444b77c4f446",4.2e+08
"4d666967b74ccdf5b04e9787",3.9e+08
"f055602beb49dd6040641c9a",5.4e+08
"353207faab3dcf10feaac8ee",9.5e+08
"91bd11b5a8e0c0124be78f46",4.1e+08
"6121943254877ee48716c4e1",4.5e+08
"3f4c2c98a5a6cb78d7d26327",3.7e+08
"2b6d63d6b072901effbc8e1e",8.9e+08
"7e4b240c601e37977faffeb0",8.9e+08
"ac29d71a80307cab65f29ff4",1.03e+09
"70c77552b1bb67a2a71c2ee1",1.1e+09
"68fb3b3cc3e5b13440eb014b",1.15e+09
"1862e0c4d8e89fd2302ab376",1.29e+09
"f3dea3d678d959aaf6b2849f",1.32e+09
"2f6dfe9443645d6629eeccb9",5.4e+08
"e4f2fecf58a038d7b18f7160",1.12e+09
"a7620d5599ec354541c8af13",1.18e+09
"19cb65620d2330624252d01c",4.4e+08
"d197410ebc0e3b9937464923",4.8e+08
"66a45b0aaf5f696d35f5cebb",9e+08
"0761d0b7c6e319a75b06d420",4.9e+08
"106ad411e13ea21ad68e5f59",1.12e+09
"3fbc0746bd620a0baabbd859",6.2e+08
"3043d0b025fac4ed90b448e6",4.6e+08
"219555efc5b4291791143252",3.8e+08
"a00863c7c53b2c059ce22dfb",4e+08
"28b838c94d10823ceed62e0e",3.7e+08
"cabc4fd04b60a66bdbe2cf9a",1.07e+09
"d162a90b37622c1dc6550690",3.9e+08
"e1490f0730f8fdc36993027c",6.6e+08
"528a6345df87dd0db33bf822",6.1e+08
"579ee47bc31f5408314bca28",5.7e+08
"b649d315ff3c97c4e8e9db73",3.7e+08
"6ae2221c504027acfb7368e8",5.5e+08
"3ce908c9b70f349158f7d04a",8.1e+08
"7cf74cbec871e465ec2f6a61",8.1e+08
"d9ed55fb72efda67f5144330",1.02e+09
"9fdbab0b428f19e7e8dc35b0",1.12e+09
"c061b886b7136a1b00c8ea2d",8.7e+08
"84114798ccd01ae3dc97cb27",4.2e+08
"24671f63cd061228ec0b5b9b",5.2e+08
"51f94ebbd6d2533862a1fdbf",8.4e+08
"7f5280804c59f56fba3d6201",4.9e+08
"c2bbdb2e5d0191071e6db37b",5.8e+08
"156ecfd8ca6004281b191db7",1.16e+09
"e2b8d1aba0c583984aab25bd",9.3e+08
"c00facb3e4cbb27c47a621db",1.15e+09
"083f05fe52ab15e8d481ad41",1.02e+09
"075be16d8d9ed6831d139b2e",7.2e+08
"5997da918101ff14bddf20eb",6.1e+08
"e102f1d841d7cdb596d50624",3.8e+08
"a2c3da753f0116aa5842d4ec",8.9e+08
"3a2f110334251e97abe3583f",4.1e+08
"3b51828a1e891f3a52a4653c",5.6e+08
"39e4765ae5c8284e1f3f618b",8.2e+08
"c0224f0cee5a388014db4f55",1.29e+09
"c4074029fba935dafd82eba8",4.7e+08
"e84da6ce78339d50a72cd87d",3.7e+08
"1ae2058fbe26f384be45df4d",5.7e+08
"0e1fbbe248919eb71e53ea75",5.7e+08
"75c16273d3a593752446c27b",7.8e+08
"7e74469fe0b030254756296d",1.01e+09
"35fca2d53ed17ea7637c528a",9.8e+08
"963cc728f3bc207a7ad74ec4",9.8e+08
"fa9dec2129f7218b4c4d4b35",9.2e+08
"078144699729ee0c46f36123",1.02e+09
"8d27746cd9d2532fe9cfc408",4.5e+08
"95b822f76b4d3d6ceb0c5077",9e+08
"eba86391ca00fb217ed1f774",6.5e+08
"552217c633d2562cdcaa81bb",7e+08
"4fd7984773d2872e51574ffd",8.1e+08
"a2522c9d3edb7e7a23a42b74",9.2e+08
"357e58ef96c53f39e267b80c",1.1e+09
"cf0ca58262feb1f8b0dc7b68",9e+08
"1cb79aba890b35f9d2a400f6",1.15e+09
"ca1b1c17572f776fc1059691",6.3e+08
"53e94de217ec45ad576fd83b",6.8e+08
"bdfa334bc331e3e547f7568f",1.02e+09
"9c6a01e3c7ef87d27185e9f3",1.1e+09
"179bf83034539c8a391e0310",6.5e+08
"9965f598c5b95b3cfaac50ad",9e+08
"66cf83769d16a4d659edba6d",7e+08
"9c2c2b01934d1d519e651786",7e+08
"2b4913f28d07628bf2d3ed92",1.16e+09
"7a0f887a9426270ff3c24e36",9.3e+08
"c4a3d64de5e401a86395a919",5.1e+08
"c4cef41167a5e8354a61feb4",8.8e+08
"f52226b24ca3d5b04b7cfcde",1.07e+09
"641600a4cbb13b35dc7913e8",1.09e+09
"6ab5a87a537d2ce326c867c1",5.5e+08
"d9ebae84cb53d29bbd8a466e",3.7e+08
"9511afb73b656135daaceb43",1.17e+09
"9231ec89e58a3daf459c5b43",1.35e+09
"8d97cda83fc7353a86c9393a",1.26e+09
"3b380c563ed2505b7630feaa",1.05e+09
"6e5ca223128fa2de422b4009",5.4e+08
"ee30ab004ac5270daf59758e",8.1e+08
"d6fee4f680569a54f4267215",1.05e+09
"db3b84e5b3a9097392a57319",9.4e+08
"cef379fa831f936cad745dbc",6.8e+08
"4db8d32011163bc4fe01d02e",5.7e+08
"f842221d74340270e757fd41",1e+09
"f6173e36f95ad05b8e94321b",1.07e+09
"5960f14f2a81075fa66568f8",4.6e+08
"cdeba97450c735185e486eab",9e+08
"f9a802cbc802d49a087cf23e",1.3e+09
"6a9ef848f22fecb9569098c2",9.6e+08
"f3986309e4fc4cde2b5feed9",1.08e+09
"6c3435048735371c36dd3892",1.08e+09
"f019dfbfa7fbbddec988fb25",1.04e+09
"4526cb4a2b8238dcc4e496e3",1.28e+09
"95561bd325f60967cb6653dc",7.8e+08
"9f3e09a3461bce2fee7e1c40",1.24e+09
"1034b1af0331daddad70f3a5",5.1e+08
"5c802e198dc0906016741026",4.9e+08
"001d77bfb387bdf0b53e9e83",8.2e+08
"e1e78f3432ea2dff6b69c6c0",5.2e+08
"fca1c40a338288036b1eb25c",1.14e+09
"e4b85269ca413066323f66e0",1e+09
"7f3e02524981fc7e40eccfdc",3.9e+08
"b38776cf09ec8e90fceeec84",4.5e+08
"48ebc3d79e01061c926066ba",3.9e+08
"9580bf8358095abb15a10c36",3.6e+08
"d26d35e33a0cf88f735a9322",5.3e+08
"1bf1913f806bd4b461233551",4e+08
"34d1394dbb483e55d1cc2da5",4e+08
"7bef2da7f3c160e94fe91ead",4e+08
"bf1dae54bab00fcd3e8c9ce2",5.7e+08
"31d6f089626c4fd08536fac0",4.9e+08
"259f4f7fd5d851be70d63633",4e+08
"6b74ef5c8ab1df614bfba866",9.3e+08
"0545fc14aece3f37864ced2d",8.4e+08
"e07eb36210e90ef0419fa0d0",1.08e+09
"3991b04509fa61b36a8f7d2a",8.7e+08
"387af5fb4b4a7f5c3fdcce57",8.6e+08
"6852e8bbadc1a9f4fbcd695d",8.7e+08
"f36031f3a3f77a3fcad337aa",7.1e+08
"6906a20be4962df7725dda7c",1.1e+09
"8a1105028a1a1b83c5080abb",4e+08
"82b69c38d041325a4bb2fbce",3.7e+08
"db05818b6de8d77c1c3fd053",5.2e+08
"f4ed8924f5d1a3e6374715aa",5.7e+08
"0648a4bd7ca088f4b3834401",8.7e+08
"5f0fa37b7c5cf77e0508abd2",1.17e+09
"c76f482d2a8f8db5eb79ae89",1.02e+09
"766c7906cf0493736436fdea",1.17e+09
"de54862f5b7b8ff345c6b297",4.2e+08
"ad14f4403926de76de2604c6",3.9e+08
"01f855427cbe3eb51b38288f",8.6e+08
"4673ef4fa28aabb0fe61043b",3.9e+08
"e26dcf5836f5bb53553cc413",7.3e+08
"c7ac975025713f368bdb0af8",7.9e+08
"f2eca7e3226f625807f7d6be",1.18e+09
"2a872557ba401f4c95e0ad2e",8.3e+08
"6b8c1c7c855656b0e56f0bb6",8.9e+08
"d6297cc548b16bff11eea51a",1.02e+09
"79631cac54b1e71c1022da12",1.26e+09
"6fca3b70ba2c68d9e0d2540f",4.5e+08
"5b29d453bd368190e0e356c2",5.9e+08
"25995099875f0ee622ebc31d",9.2e+08
"34bd7be0761ab3d43da7a81c",6.3e+08
"b8e15d182ac0c74fba332b8b",7.2e+08
"901e3b835718ccae27c8831b",5.8e+08
"e1c7a101e5d518583f9a2a7b",9.8e+08
"02f6ffcfcdd3dbba94dd7b33",1.12e+09
"5eb815f9023e6eb97786233f",1.15e+09
"d2ab14487e0ecf640a785277",6.9e+08
"437167a9db41b677da7d5a7d",5e+08
"093a92c6846c924f88ba8750",1.02e+09
"9b1223cd8c9d7b348d6a5c94",1.16e+09
"2fc150cf6ea4141106bb8ac4",3.8e+08
"6e73e42a0d2ef8d6e403112b",4e+08
"2537dfc786054c61eb3a80b5",7.5e+08
"e6424086fe1cf2a2931f4847",7.5e+08
"ac7c323295addefb43c62acc",6e+08
"64d9dff81c79a16579cef2f4",1.13e+09
"ea91281d5eaf6b8f436d47f6",1.13e+09
"7458171e4db497a4cc1365fb",1e+09
"12d73fb8f4ca87b19ca46231",6e+08
"6e710984bbf2662a9cc7bc4c",3.9e+08
"47720fb9e2586dced75db114",4.1e+08
"cbd48f3342e63a84173a8dfd",3.9e+08
"cb83c138aefeadb184d2c7e0",5.2e+08
"397d4e490eb2db8a1b18051b",4.9e+08
"9535ab027f9f2a9a8fdc21fd",4.5e+08
"248993a27da888a6e3ffefe4",4.9e+08
"d57535248bb34f65ae678a39",7.2e+08
"9949cbc958bbc0114404960a",7.1e+08
"841c57617a075690ce412083",5.8e+08
"9fc4385ea76cabf741d38789",4.7e+08
"0367da7dc5374f1957a1b7f6",8.7e+08
"7703f868650a8252e954e457",7.3e+08
"4cb9319ff5adaa62386b713b",8.3e+08
"dbb30f9d010677de2aee1b71",9.4e+08
"0b54c51a787fe58bdf677658",1.03e+09
"5234aeb6d817b8ad876e50fe",6.5e+08
"77359d0d34ba4c9d825e46ed",4.7e+08
"b84795015be5077f942f5170",4.5e+08
"75f5290d61164d42b39d9d51",5.2e+08
"b46d50c84edaa7feba938671",8.3e+08
"be8c05b72ee7867fdcb05455",1.07e+09
"356712646865d98127b92a57",7.8e+08
"ab765acf8b87daf1673b3a97",5.6e+08
"3a2cacbd3b4f9a23514b1433",1.04e+09
"3c6d485d7b01ddd6147746c2",6.5e+08
"054cd21c3b12f165bd520313",7.5e+08
"e114160e3ffe6a703eb42440",5.7e+08
"a38b2d75349c56ce04f02a94",9.3e+08
"71fdd2b1214b9371ef149c1c",8.8e+08
"db1cfd89dad114c11ab2d409",9.8e+08
"3e2c1d2cba8755ffad9cff27",1.1e+09
"6771a8c70428fec0f21d51a1",6.9e+08
"d8171d498291341094daaa39",1.17e+09
"3d43dd23536f843c2c5bd268",1.18e+09
"785dea91d94ab384bbd6ce3e",8.7e+08
"6c316d2bb84fff36bb01f14c",1.15e+09
"08ba99aa6a8ee752209de6ae",5.7e+08
"d177236e8c725d4405025916",1.16e+09
"9a6b537a7319b3446977919d",1.27e+09
"e2e7b03feffb21bad63eca2d",9.9e+08
"f2fa898e1bcccbdb92dd91e9",8.9e+08
"2c340ee014e39ad0fd1309d8",1.02e+09
"7ee83e5d70855ed21455b6d5",1.14e+09
"fdd4b5fcf9ebadf96545038c",7.9e+08
"512b4ad817c387bed877b7d1",1.24e+09
"3ba644c7be754c21e3cc48ee",9.3e+08
"cb38dc837baf3e0531c6c115",9.5e+08
"5e931fda1e62fe41ff0f2ba2",6.1e+08
"0ce9a7d4b0682dbbca68e070",6.1e+08
"8d114cef336100a8d8c81ce1",8.5e+08
"ebc3a6574ebc530ef715ea7e",1.02e+09
"4c2b14bfeacd87b878cbcc92",5.8e+08
"577b17cb350bd2a646725b6d",1.12e+09
"0dbe463995c605bcdffb133b",5.8e+08
"88f3f39ea06fb882c69bbd10",4.8e+08
"e54567ced41a40938b85485b",8.6e+08
"cb6d29f005078d4d4efc2d04",9.5e+08
"1d0919344e52b315441aeafb",5.6e+08
"62c39ad30e9a26d8cf3593b4",9.9e+08
"a02bf67aecbac445a12da958",1.24e+09
"06baade01a74972cc4a419ec",8.4e+08
"3943b64f9550a575f15d6d29",1.08e+09
"b62d64605362afc574ea5b0b",1.23e+09
"0ef45eb4356e2f0331ad2457",8.7e+08
"6700ad4d4d7f70def59a5d59",6.8e+08
"19ad2fa7e170c67870ee58f7",1.02e+09
"919c1e281329379c4d130416",1.2e+09
"8a451ef547efb90a8fcfa6c8",1.01e+09
"2cd0b2d7561919f0223608d5",3.9e+08
"1acc5749203f964fa8b2092a",4.8e+08
"9543c16bd5eea47111e6b266",4.5e+08
"d415dc486936995f8b3704e3",4.7e+08
"ab946dfa5b9d7214a3756978",8.7e+08
"803711fede531ad1621a6823",8.6e+08
"f83f29f28978d7dd76cf5942",5.8e+08
"4bf284e6ba81bcaa21a437fd",8.4e+08
"d8ed50fbd5ed46d36b3d2dba",4.9e+08
"302adfed183564312f9e3087",7.9e+08
"063e53d45e5e7945f1f10fc2",8.9e+08
"e73e5e75cb18f52dd7239361",6.9e+08
"dd625806063f76dcf53582d5",1.12e+09
"a4b16572b8bb786561baa3c9",1.15e+09
"d50f33fe5acdaf5caf1c6ac5",4.2e+08
"46ff039321805b51870c64f2",8.8e+08
"1ac6c220eb690db798a3d4d5",9.7e+08
"faf872c4bca132b52dec368c",7.9e+08
"d92232d77f7a124e7ff13ee9",8.5e+08
"72eb1af691a950fbb7e8d635",3.8e+08
"94fecb92077ffe3a72aedec4",5.6e+08
"f660a48b0eb17e98dd77c0bc",6.2e+08
"27fe3fc3838695ce34c5d287",4.1e+08
"9ff4b1fc1970cd5c102cb755",1.12e+09
"5b169f28ea1dc473ddf11580",3.9e+08
"58b3ab31de2f9fdb0da0dc8d",5.8e+08
"2054c61f0162a18c6fa2291e",3.9e+08
"39940234a26e7264b464450b",5.6e+08
"ca87bd8401c0c7bbc4b3f286",8e+08
"a8fdb6fb681aeae4d5c22f9a",1.1e+09
"998c864a446f06d114f42fa2",1.03e+09
"bc57535516748048e38d4a2d",1.02e+09
"b9fecb3e6a507ba17764c303",3.6e+08
"d7ee2851bb69088f851970e9",6.2e+08
"40eb0c78da8b51b53548d914",9.5e+08
"9af6ac77a9aa0c6da3cdaeb0",3.9e+08
"a5a4c0f268548993b61d65c6",7.6e+08
"d57541684e5c00bd9354cc35",6.1e+08
"7f2a2959f5ae816761be658c",1.22e+09
"025b094e1ea7248f4aba72f0",3.5e+08
"2d6f5bc20de99dd0bd4e34bc",8.3e+08
"fe6fb32f623a9e3d5586a8d3",8.9e+08
"69f59487924240bac2e75bd4",1.02e+09
"5102f4786cc032e24781c7ab",9e+08
"a7b459470ef58ef3bed7437b",4.5e+08
"37e009a57645b845b1673b8b",6.2e+08
"b70082fdca35092802f8745f",5.1e+08
"8a69b9d7461107db6d16d1a9",5.6e+08
"adf055978a7a8e9bbd88e741",4e+08
"89016540f8b3fb727d863bec",1e+09
"506b653545eebba4c8821588",1.15e+09
"01fe5add1e7df4b15dd73bc9",6.8e+08
"4911d01ea0a4505d5db5bb2d",5.3e+08
"68bda8b092d5a53a35dfaf07",1.27e+09
"70bec150e1d8ac537cfd90e2",1.08e+09
"0e21abdf04b36e5f6a1fc337",1.19e+09
"f53efb47de2bca5912ad7517",9.9e+08
"f15ae83fbc4e4ee3f646b4c9",3.9e+08
"eac458ffc1da75fa1a4ab384",7.2e+08
"6f7bc7fd41ed908494d8e098",6.6e+08
"12d1678bc86ccdcc8ad756be",1.03e+09
"6e07d31b81f3fc9b9de8e1a8",1.29e+09
"22958cc4622a0050d1aead77",5e+08
"ce30c2c7cda56a69005300d4",3.9e+08
"7a26e5936765b409b7b73cf2",1.07e+09
"8d5a73b1d27a66b3f72fa662",8.3e+08
"3b8302dabc47048245acc09f",7.9e+08
"909182c92bbc39b00536ce6b",4.7e+08
"963da21c3c571d7bbc36f1b6",5.7e+08
"033521a46dae036839ad6c90",3.6e+08
"c62886167530efe1f84086ba",4.8e+08
"d58f191c74d26bc1fb02cfe2",5e+08
"fcfa51e5eec6829b9f4f2c59",3.9e+08
"c3bbe8c09f5e58281dddd412",7.8e+08
"8f36d25584407d9e3c326e71",8e+08
"5ec3abf721e13b0d55829bba",8.9e+08
"502aff943d74cd4cbb976dcc",6.9e+08
"11e6e5ee92c97e31d34db891",1.2e+09
"b1589aa1f58f6dffa93a3a61",1.24e+09
"783ecf989538582ad008fd95",1.14e+09
"ef73428a38c201019267afb1",5.9e+08
"932a93e3ee2093d7f806fef8",6.9e+08
"00e9afbd1d27062a7bd40a3c",1.08e+09
"a11a82cec7f8a243e2f90539",9.7e+08
"e4a70600296b0bde6c28fb19",7.9e+08
"0a1b1a3d68b04cdcb2d757cb",1.16e+09
"7c06a2f06cb4226f9043578c",8e+08
"5e113e1e878da12e312cf875",1.18e+09
"a72f5204153b7c92f52d871a",8.5e+08
"ff9cb7bc0b972d4515ea3837",3.9e+08
"dadd9ddd29102f529caa3bbe",5.1e+08
"e1b753c283bb9c6d4e438bec",8.7e+08
"16fb51fd3d35db53eebbe5b8",1.08e+09
"8f543f9c31af1eb17ef1e353",8.4e+08
"15b57b0ad8794d64a2784ce6",7.3e+08
"d9ce31250d4ae25c3b850124",9.3e+08
"ea359d571ad0c986f826d31e",9.9e+08
"b02f1997e6e6f97dc808b8cf",1.04e+09
"307acb7b4044cfa5680e4227",1.18e+09
"ddce386b0ad3199ca09aac93",8.7e+08
"9e28972500d8ca3fb3b76fd9",7.9e+08
"687b1dd576eb7d06a08c3439",8e+08
"dce05cf86b42124fc93d41da",1.17e+09
"1ea5db844a6d3a926480351b",9.7e+08
"4e9acf6e9f80f65178766740",7.9e+08
"a35450284f8dc27e0ed717f0",1.15e+09
"069499abc4e393fe540777b4",3.6e+08
"3edc0e70e7cf6a21be2f0d53",3.9e+08
"2e2ff1e620063f416a387058",5.8e+08
"1ffdc10c53bb83d3be84c327",8.6e+08
"aa592f388454d575e0006206",6.2e+08
"f7e5bf5b0f6157ed1f604d37",3.9e+08
"513c6ea5a3c2c560c409eaa8",1.13e+09
"7cf15f80838e8edf4f9cdead",1.14e+09
"49737c7682eff2513869b3f7",9.8e+08
"4e8cdb49a2bdf68ad8d12625",8.3e+08
"86af11931b004aad3fd27b88",7.8e+08
"90921c9fce21986dd23bc645",9.4e+08
"d79d71be963d418a4c9dec68",1.16e+09
"c27b2b735106bd5a77a15616",8.9e+08
"b6129a71f8e320aee8abd0c4",8.9e+08
"26922ebaf11e35a7a320d30b",1.18e+09
"23f859b889afe2639ad55a21",7.6e+08
"ddf47d32045769c0596826db",1.18e+09
"1d0c635770f2e51aed4c8664",1.24e+09
"a7c7923f9a4d004eab43413b",9.5e+08
"42b3b56289972176c20c4990",5e+08
"b63f49396431089dd646837f",7.4e+08
"afeba13fa3f81249549cd2eb",5.1e+08
"3a3ce11d981d0893ec732e22",7.8e+08
"ed68664efdb7377c33f4010d",6.7e+08
"93de58cb0d8fbe74b0cbb556",6.8e+08
"faa204421a94ef95b79eddf6",8.9e+08
"5271cd1cb962066407490051",9.3e+08
"933251193ded6df07c83128a",1.27e+09
"1b5db6af0a1c0f7787064020",8.3e+08
"84a7286c91f1ca3ecacdaaa2",1.07e+09
"bc6d6249873222ac7f22b73d",8.9e+08
"bfba8fe959dd2e44a4202943",8.1e+08
"d4653d505cede3d24e258d4b",8.1e+08
"5146ecaa8b7ed507c4f30785",8.5e+08
"f46d46ccc7fc415433e471e4",4.5e+08
"01b7bb1556b5c32df8f618cc",7.2e+08
"56e5afaecb2cac6293cde16d",5e+08
"70209b9024acb3e5baa769ff",8.7e+08
"efb0b413b3f661b23d674b3d",9.5e+08
"e3e7ffecb903d2daccbf8a53",5.7e+08
"a92ed9a378272ff174ce2688",5.8e+08
"4b0ac2ce45d7ee385ca369a2",9.6e+08
"0ff24418ecb6888dd8ec734f",1.27e+09
"3164e0ecd246b8ed6cb6d054",1.22e+09
"75fd66abeaf040fa76eae2e7",8.4e+08
"c31d98f67673691ece007a65",4.7e+08
"60d5f19c16554cc2d8e5940f",8.7e+08
"53fd196fd0c0558ed1219329",3.8e+08
"27b06d060ecf702fc88c7956",1.08e+09
"dc014623ed69c32abce2d0f4",5.7e+08
"f1a8f09837660445961375c1",1.32e+09
"b98a462d9782988cb54ced54",1.1e+09
"e74d815ad652f7046ba33295",8.7e+08
"f4df4ad4366bd794594c111f",1.01e+09
"121cc20fd81d6322f56d5c53",5.6e+08
"e8d2cdda77c1d885e21c7bbc",1.19e+09
"8abe99f2b71b13dfe7d71616",1.17e+09
"29fdab43da21ed0d22c9c71d",3.8e+08
"3b7fd4008e14e394dd09a0e9",1.24e+09
"098327587a877bd50df27551",5e+08
"45f24dd99d362f49c0adb875",4e+08
"dce1dd028695bfc5a47aa6a1",4.5e+08
"cfeb702df06baadf29f12eda",5.2e+08
"6920e6d7fff656d66844949a",7.9e+08
"31ed69311bfbbe000f4483d4",5.6e+08
"eea6a2137473c3ba6708b576",4e+08
"15515ecdd35e9f175842a738",9.4e+08
"e1c33552eeab60683f2f89d5",8.7e+08
"9390ae5c166e1a976e53e16b",4.3e+08
"db3aeb3a96304f3c255e8a22",4.8e+08
"c918e02b3e6d80125a2db1cc",3.7e+08
"b2af005e93b0242e0f62f298",6.3e+08
"ed9703ed896c6118a3458e78",4.3e+08
"8ed11c1d4e7aa1ccf0ea0508",3.9e+08
"9717b066e135a82feb422181",5.7e+08
"294985765f4d12e51a68a451",8.7e+08
"26cc292628ce4aa87cd287d6",9.7e+08
"47f7065118bcd4c3878e50fc",7.1e+08
"e369c63f83c44329ddad488d",7.3e+08
"383c0948aac71636973507f4",7.7e+08
"6bd1a412c01387af8810ce57",1.21e+09
"4b92ca1cee4739104e620871",1.3e+09
"0123237414f757b9c3809f88",1.05e+09
"6e36550a6ff6fdb2711a88c1",1.21e+09
"1b5de74aea685b506a952f4e",3.7e+08
"d85fafb4d5ec056e6db9a79b",5.8e+08
"cd097f6cd92275ec8ace1f20",8.4e+08
"f8d64df401009704c152bcb6",5.3e+08
"2a5aedaaad2d908122f28f22",8.3e+08
"edd0b57b90629fb00d036e34",9.1e+08
"f8731413b0d976c03b7e05ca",9.9e+08
"4912c91afa6e4aff6ffdc6a8",9.9e+08
"9d805330fb0df9ae73003ceb",8.9e+08
"7daa9115f755a6c70411b9cc",1.02e+09
"7bf4beee26ba81ad0b884f9f",4.9e+08
"b9baaab70cb83475ac3bbab4",6.3e+08
"74e178e2398895d2288e6fcb",5.8e+08
"3d3317303679a6a5a381d0ea",1.12e+09
"68f4e3d4355bb71db0f35a65",5.6e+08
"7ea01fd99b389d08ca50c0a6",6.9e+08
"51df325f026f4cc5ed2e9a65",1.15e+09
"1f11cd977996d909ffacadef",1.17e+09
"da88bf5bc2a7310ff382be4c",1.12e+09
"0cf82b1128ebb8d1087b640d",1.12e+09
"f5c79a564600bcad99c74f03",4.7e+08
"b11672f22fafd555f940a8dc",5.8e+08
"79b5a037bea858706838a62d",5.6e+08
"9f339d547d83b4ef956a3690",9.5e+08
"127e197a2f70e7ddb5dc92aa",4.7e+08
"65b8c48546af394a924decbc",5.6e+08
"cdc0c282ee62c51e3a20459a",8.3e+08
"ec824ecd0319e05d1ca6a9c7",6.6e+08
"904ad71e7d108930d69a7332",5.6e+08
"7f4e6f790de012946197e0df",9.7e+08
"473cb30713e88ecf782651fd",6.6e+08
"59a309a6af425b2028a2ad69",1.07e+09
"8a1b0f59f86e33a7aa7c2c23",9.9e+08
"1e884932e57cfcab75ebbacd",1.13e+09
"8e273f1dde4801825fb19742",9.1e+08
"1f9c0f9c3c6460a323171d72",1.34e+09
"5dba98aa20e371c3947c19b9",8.7e+08
"51516e102f8d43a07037ed29",1.05e+09
"6eabd14e55ff090e8a93c727",6e+08
"e224f9ffc7bd70369a5e8b68",1.19e+09
"69c7e97037c747b93c33251b",1.1e+09
"9bcd34e7a974c977f65925f3",1.14e+09
"3611c89dc71078cd0aefd2cd",5.6e+08
"4347966ceb1770f758cb6e37",1e+09
"2a68f627f4dc8060484cdb18",1.24e+09
"55ff644abd72eaff17d533f0",1.19e+09
"db563e5a1cd9eb1be832bf5f",1.21e+09
"a0e9310061ff0084d63dd242",9.7e+08
"c42c59e8a08e8657ab4201f1",5.1e+08
"de28370454624724128a0688",7.1e+08
"514aefd8a44ca048a8088c51",1.03e+09
"3d3a318662cbe218db0878e7",8.3e+08
"2714bcd5c0c503c3bee0e0b2",8.9e+08
"22b066e6dbd0f2562a0554f1",1.34e+09
"daf8d6d3f4ba21513341eb3e",1.12e+09
"63e73f1b8b385d89de1329c2",5.3e+08
"80ded3bf4f2973a5ceb1ffb7",4.3e+08
"e1f5f0e96e5865370423c142",9.5e+08
"3bc1d407f7e7c8e67f7dd27c",9.2e+08
"d87c489d3572187e3280965b",1.24e+09
"09fe153b0027697e58bd08b5",3.6e+08
"a7283f1587ffd80f4723475f",3.5e+08
"67a10f161cf7215302b6ca1b",3.5e+08
"f403b20cb52d4ad3f9469ee7",5.4e+08
"0eb7c68fb7ea1e58f3e76345",8.1e+08
"cabf47337c2cd619f12fe69f",7.1e+08
"55c5eeb4861e8cd71731274d",1.25e+09
"818ee3b0c3862d4aae6e7776",3.5e+08
"7fe25ebd70b89f4602bee6a2",8.9e+08
"175590951b6f8c6b8b4af9ff",4.3e+08
"d4dd48521efc020762ea141e",5.1e+08
"deda3ad684384ed67711ae71",5.1e+08
"b288c52e4d0fab9f579122a0",8.4e+08
"0bc16b384acd3f8263e386de",1.04e+09
"7e73516d57a251061b3916e0",1.18e+09
"90ae7af091c23957b88de5e9",6.6e+08
"b1d9704dd39c6cef28ae3d17",6.2e+08
"8532c64eaed74b64b4d4707c",5.6e+08
"528a96aa31409c32bc9f1f63",1.1e+09
"0fa87864632b7bbbd161f879",9e+08
"c51d1eff1b6d29b4164df520",1.1e+09
"368eddd8b6d39bcc7124a41e",5e+08
"391cfff759030283411dfe1a",6e+08
"4f140229175de685a0999773",5.8e+08
"16a05fee8dfbe78d26664c3a",7.8e+08
"b419d977b283e33c0b3da86b",1.12e+09
"9a6849637f1b8332ab289e27",1.24e+09
"a4146ec09d782b08e8198e11",8.9e+08
"f415c2bc1bc0fdca091285cf",1.3e+09
"39ef4fb2a43fa3bba15a0b16",8.8e+08
"874ee4f1b9c6dfd3d2358834",1.3e+09
"54228579fd8812c3ea160341",9.6e+08
"33dfb510aae260ccefa4d349",1.15e+09
"47d288f8f9227013424d6976",3.7e+08
"3e891afdcb568befebd66fe4",5.9e+08
"57dd353ac00d0e99abdb3733",1.19e+09
"ed0051ae106fd0df60a14586",9.7e+08
"0997324f14c5823413463546",1.3e+09
"8c9bf9031bd378c1105e3f3e",6.4e+08
"37cf2c5c1c6fb6e601d2f76e",3.6e+08
"4cdaece5d1dd4e089a99f47b",5.8e+08
"b37af80bba5adc197cb51649",5.8e+08
"32354bff9df0267a5e139156",6.5e+08
"c69e08214cb1fbc09ced0971",4e+08
"48a20e676a060954308c9ecf",4.5e+08
"68dd15c8e9b71171348ea24b",1.19e+09
"3c660885ddd7e98ba5ea26a1",1.34e+09
"94dc108f1d146641b221cb81",5e+08
"48b34600046c903f0ae4e6d1",9.2e+08
"77c886207faa6965238b152c",3.9e+08
"a8b457cf82926e25cd862af1",8.3e+08
"8f59ec48e38092ab01c23e33",1.03e+09
"f8f217756d32f31faa784c2f",8.9e+08
"d626a635ee75c23aee2fb327",1.34e+09
"7e3937cfe43dc906983fd321",1.13e+09
"9eaaf577807d86ab64fb14ae",3.8e+08
"9db120a76af04028d2f0ce68",3.7e+08
"9943a2530009f62cab6b466f",5.2e+08
"76558d67def95bc708039f05",1.02e+09
"bb1ece5366ebb2ef9d52708d",4.6e+08
"fa926bec03068764c8545d41",6.2e+08
"3bb987adb4ff573ef09b8c12",5.5e+08
"d7fb188814d4c118ccd83989",5.1e+08
"ba511b37b4bda08d191c68da",4.5e+08
"3256c6c6f30aea9cc79b7283",9.8e+08
"9844c3773f7a50c71f218e99",8.9e+08
"23229e392dbd8fd9d80637da",8.6e+08
"e0f47a028df2dbe9129cde7d",1.11e+09
"a12f0f00148e564ef78838c5",1.16e+09
"d3ace27450b980262ba9bf76",1.35e+09
"0668a4a4521c783a2d817413",8.9e+08
"768f69f0241fe339b6f52fa2",7.2e+08
"631ecfa47fe167bfaaa967e5",4.4e+08
"e81c5c1b820636f691e5c5cc",9.2e+08
"b4c779732e827ab2fec8e8eb",1.05e+09
"b58208759ce1402501f68906",7.4e+08
"d048fdc255a5a7f474d48c0a",1.07e+09
"33ab442cf58cfaa33eefb6dd",3.9e+08
"d379dc03d78685ad14c647c0",4.5e+08
"5e36efb290bb265d81706bd4",5.8e+08
"c2fc3f04c3870e14b89d5fbb",7.7e+08
"15537000b6806ee84d4615bf",1.07e+09
"86ee57ce617b2be312a9efd6",1.02e+09
"5d09f2d1cc5fec761ac4372d",8.1e+08
"8c5aa3c826f325a9a6c6f524",8.1e+08
"fd0c010fa0c4b84dc75ede86",1.08e+09
"c23150d0aaaf932579561998",8.7e+08
"163405cd6248bc3e832dc93a",8.6e+08
"a6b992c9bf4eb32ab3d1df4e",4.1e+08
"3a9c7ec02f3e7e419669fee2",3.9e+08
"c908280d0461c3585af94d53",9.8e+08
"b6da1db3aa02debd11e26edc",7.2e+08
"6d12669907d7d80d0b458a93",6.9e+08
"5122b2e9638d3438434fc56b",1.24e+09
"6367a127b452cfa27043f74f",8.5e+08
"8a7ddcd0c452e7993bc5087b",4.7e+08
"1342c307971094041c9c240b",1e+09
"385488342bff3d3587250c84",1.01e+09
"f8e25b7d7e93c45df1b3a4c5",1.1e+09
"8736dfe0f1c6e2181b0ee31e",1.01e+09
"5859ec20de4a5036292ee947",9.9e+08
"1eee0ff52c53f04307cc3216",6.9e+08
"b455979bc938acd34a580eac",7.1e+08
"6921133528bd6fa3675ce8de",8e+08
"f4f6e48b618064ced466c302",4.3e+08
"5e455623c380290e0a8e4e48",4.9e+08
"ac3c9d9357fbe72959817602",5.8e+08
"f48fb9d9c42b0ebee72cfcaa",5.2e+08
"dc99f2871bc05ea7e8a97d72",7.1e+08
"b5cfd5eba0b6297cefd6d3d5",1.16e+09
"0dd30227247f145bae82f96c",1.18e+09
"9f347bf53e4ca4d264a45241",7.8e+08
"81406ce289219cdab015549d",9.8e+08
"a085fab6d9b9d8c24472cfb0",1.24e+09
"1fce0e993a57a3e3873b8d7c",1.17e+09
"af67d51867f382dcd9cf34b0",8.5e+08
"432f082ac51bb0d39ce45b0c",1.12e+09
"9215d29512b14aab6178da01",1.24e+09
"c1ca38f941200a9d666aaedc",5.8e+08
"a1da74ec074df16a1e8690b9",1.33e+09
"e380184391898aaa2d3dc540",8.1e+08
"c3191b6b40191009ae9f4b7f",1.25e+09
"b45911f1875da543199e97b6",9.4e+08
"678c70903bcb6c90e3578d6f",1.1e+09
"c119f62348e418d9ada13362",1e+09
"6d9c4bf994147d8892d27f27",1.08e+09
"1b300634b71b898299c54671",1.02e+09
"181caecd269e115cb5cfd75e",5.5e+08
"059516a91f938d2e8fbcca0b",9.4e+08
"bc23e25cc246ced4731ce5f5",9.4e+08
"2280b5f7c47c3b36924b84a9",5.9e+08
"16ef7eaf29eab571e229e537",1.11e+09
"b4aa025f8813a3f0b132b7e0",5.8e+08
"3c6092e8458ee81aed0db0a3",7.6e+08
"d919dc64995903c9120eb61a",8.2e+08
"ef53741b01120666a08db213",9.9e+08
"c3dc5ad23dc8cfce0671adde",9.6e+08
"a270fe47ba30ef0056ec6c4c",4e+08
"bb9fa21902daecf876c0467f",1.06e+09
"fea142787b18327108ee8929",5.8e+08
"a1647603f732f97a99f5ec6e",1.13e+09
"775f25d8144580541bf2746b",9.1e+08
"3b14b48188fdbb0917414039",6.2e+08
"02259637b8ef1311c69d3d90",1.01e+09
"5fc3634e1fcc96b9215a6cd9",1.14e+09
"23cc24e23a1d74159ff78464",9.8e+08
"82ad984f02ccda30bd60da8c",8.4e+08
"fc7ecefb27bbb5c3e25e899f",4.2e+08
"5ecbd5b92092264f4e9101bd",6e+08
"83a8d9df3a535fd273b27c15",1.14e+09
"d76fadda8063e44483aa024e",9.8e+08
"a15bf12a6b8749ac8f9de19c",4.1e+08
"a3f32d81f4cd99dc85a16bcb",5.6e+08
"4029115038a899d98dc93d3a",1.11e+09
"2326bb628b4a571921eb7345",8e+08
"471d6fb8037049e1e4d120a7",1.14e+09
"b73945103f07da807f7a30dc",1.16e+09
"d6f4479f9226e52c93d70eca",6.4e+08
"228280554ba149e60f81d639",8.4e+08
"8a44e15417d8e520a99454b2",4e+08
"2ab88dcecdb565b6412f5bfa",5.7e+08
"1dd6f560c804c4548561cae6",1.22e+09
"84aa7d1c2590f37f0fd6dca1",7.2e+08
"169013bdcc2ef214e0163ccb",6.6e+08
"42d91ed3f3615247f57ebecc",1.03e+09
"a7f1397df30d6521c216e331",1.12e+09
"f6c6ee12e338b1f9730b6e2c",4.9e+08
"8f4687b666256e136148c3d0",1.15e+09
"925f83e20a153a1e094bc606",1.12e+09
"cd270a11dd8257648d1f0444",9.9e+08
"ec199e33b7557dd669fe1aa4",3.6e+08
"b47fe4670c6b065a9e1db429",4.8e+08
"918947d51e52e0caf692f22f",4.7e+08
"070543b03770991d65cc337f",1.12e+09
"f45dfcffe189327cb0d303f2",9.6e+08
"b0cdf05097df437354564bc8",4e+08
"33ea5de5e8f5c639a213414d",9.8e+08
"c94056bc09a4bea0e853cc41",6.4e+08
"6d5a91ae44cad7849dc4e969",9.3e+08
"b52e0738dec9d2f119c75a9c",6.5e+08
"0e35349077490a01f25e2ddb",1.08e+09
"337c81be4cb14d494ca69db4",9.7e+08
"ff28f1a1ea72e21acb157f08",1.22e+09
"e83ef75473fefbf8d7e52302",4.4e+08
"7b08cade91e2be20656ee856",6.4e+08
"0f366a36001c0766521b9dce",7.7e+08
"6ea022e53741adac484c1798",9.5e+08
"aebd6304298f84e7d440c379",1.18e+09
"c5b333e454ed6e93ad32d96d",1.01e+09
"bcd31d201096351079cf7ce4",6.3e+08
"46cf5b18fd7bac0d3332d70a",8.9e+08
"1dcff645d389e7b687a498f2",9.1e+08
"cadbfbea1d03e6538af648e5",5.1e+08
"9dc0c6ef8389978be58daa59",1.11e+09
"8930f231a5b9d8db14e9c656",8.8e+08
"2dee15f1b082bb986f8d9513",6.3e+08
"bfdbb7aef98d4855d459ac94",9.5e+08
"d0f6e19e92c03b40a5aae3fa",1.3e+09
"6e2a3e49dd6434ed01eb5e71",7.2e+08
"d22313a06e43b8ab8f6672fa",5e+08
"f91cc2e5edcbb704c293084a",1.19e+09
"dae776f643e809387148900f",1.07e+09
"e55634fce84f78466095e730",5.7e+08
"a507a938532411f06c57ed8f",9.6e+08
"aaa43db51d1ddea564d1bd2e",5.8e+08
"b3e76a0a1fcacd0218c17908",4e+08
"e548ef7a5650696c0e968cf3",1.04e+09
"939afc1f6250d528b0be8e3a",9.8e+08
"405baee61afa4b08dc25e586",1.1e+09
"4fcba82455866a6931590dec",1.07e+09
"409cb370961c60bacbdf7416",3.6e+08
"51a8c190ffb673d4fc27f4e1",8.6e+08
"80e7c6b194b3229e3e2b9aae",7.6e+08
"ac180e846fda5cd7f1123f6d",9.1e+08
"1e7173670334937dc61243a1",1.03e+09
"c2555955d5175b31e5f783ac",7.5e+08
"825012911321d636425cd0bb",9.8e+08
"54561e6ed5570577ea97eeeb",1.05e+09
"3a2a2df4f07902b04b809125",8.6e+08
"25093735f186b70beb018317",9.6e+08
"7fe1adc0a5873cbba4b021d1",1.22e+09
"461749398bbd48d69b444d7b",5e+08
"eb8f668912b70fd554c8c723",5.8e+08
"23aa0804aabdc61650b8562a",8.1e+08
"ef64565957b5278185b2429e",5.8e+08
"253725ec3d7939088faf71b7",6e+08
"a9683df184aa8b4ad5d0cc5a",9.3e+08
"3c38153bc36b364b92548965",7.3e+08
"df93a6e36d9f19e252fa9de3",5.9e+08
"586fde402c82c1eb5a74d634",5.2e+08
"5fd3b0299c0d52e48195fbdc",5.4e+08
"06d33fff99a62c330ef2d585",6.7e+08
"361715cb422c5fcd9125d5e6",5.1e+08
"41a269c661f20e443a7a25f6",1.01e+09
"c5a8695b7aeba06e46266959",7.7e+08
"17e5796a30da5eaf310d02b4",5.6e+08
"02d89daa77bb313328fe0c4e",5.6e+08
"6ad1fb94accb91bbc30449c4",5.9e+08
"a1cd215fa99b8776818d0b0b",4.5e+08
"0553a3aa7d961ada6dfcd52d",6e+08
"c6ecbe7b57db2db74b0d788f",8.5e+08
"a4b23fbdbc7bbd45c5ebf80e",1.14e+09
"3bb15c6313ee70bf4d88f4e0",5.5e+08
"e05c52c9c8fcb792ace06b61",4.8e+08
"5fc77edb0e5bec0ed8e72a60",9.1e+08
"85e15a0a63ffe482c68ec474",1.3e+09
"859025f2f41efa521a74a00c",5.7e+08
"1672a21e6b2d8d0525df1759",5.6e+08
"7d4097722aad95158c51d24a",6.7e+08
"174fa597347f2b1d3e9016e3",7.4e+08
"3f081fb77ad08f8370569bf9",5.3e+08
"74cea4c9dc0e00dbbcff8b1d",1.31e+09
"4f5de1bc90694fedd216ef40",1.33e+09
"8fa4be9ac1ef719dda1f96bf",4.7e+08
"3db3b80a902c10004cd3a3d5",1.07e+09
"bf02fad806fde4e3575e75c7",6.6e+08
"edd2afd07fa1305fc3126078",4.4e+08
"bd5d2030639ef16370cca032",9.5e+08
"87e74ed42a2c8c97f7bdd239",1.14e+09
"8b674605311d296990ec72e7",4.6e+08
"d7cc3d199e538258fcc83f75",5.4e+08
"ec6ffe86e9ece6fc03556ea5",5.2e+08
"9762ecd72557ad6728274e1d",7.7e+08
"49a2d111903c77053d44573f",5.3e+08
"d06ab7503c6deaf9cd405f66",1.05e+09
"23e7dd821ec2601ee2c6e353",1.26e+09
"81519727c7ad9f60d2c5f224",1.03e+09
"a4a5b6a844c14b4eca92dc49",1.33e+09
"7e647c5e0a7d95ce87cfc8fd",1.08e+09
"7a1bca1ed03e7cd0e277fb95",5.3e+08
"03eb8da7205428e61bfb2845",5.4e+08
"82780776619be0eade3d72ef",5.5e+08
"4c03afca943c3f2484b8db6f",5.3e+08
"739de8928aab4ec77a1ecb0b",6.6e+08
"7f45d3809b08bb32a45139f8",6.1e+08
"cd14f8aa1613d754221c4735",7.6e+08
"537a9a2dd0ace0d0131722a1",9.3e+08
"2d4a781f969a4fa2a4f04a7a",8.3e+08
"e3676f99542f27c9037fca29",9.4e+08
"9f11661702873852a3d65ed6",3.8e+08
"d7f22a4e6daa572583e02640",3.9e+08
"f6ce37c42fad91fce47758aa",4.5e+08
"f57cab248d2d832725d78135",4.6e+08
"9d73758bf7569cab4837e49c",7.8e+08
"322bad590ae06fb48f80c533",4.4e+08
"5a7b67d4c79ecd83b7ab66e9",1.05e+09
"8dfd846e6df9a040ae1188b7",5e+08
"44a587fc89d6b6489157ff49",1.16e+09
"f9ce5b7edb104d4e8407a344",5.7e+08
"73786d11f1fa714aaa9f1f90",9e+08
"cc72295ef156cb2d60d6b10f",1.05e+09
"c9851396352bfeb05fbd7580",1.16e+09
"b3561144c745ae3d329dfe1e",5.1e+08
"7ccaf332cf87e07b38b340d9",1.2e+09
"d63fe229354bef8b02b4a934",7.3e+08
"2e0a8235637e98dfea862909",1.02e+09
"0a1b14f320e330b405b27a6b",1.14e+09
"db41266d7b500a6daead96cc",4.4e+08
"c926feb307c493aea729001d",4.4e+08
"58d92e8a26589e37b7123716",6e+08
"02cb957c3db9ded3691a9004",7.7e+08
"561689dc0f267cc5011ede3a",9.7e+08
"f059e39d22124eb9e7e8e20c",9e+08
"3360f48c1ec30dd1c3175101",5.6e+08
"2218c6bddc994984cdc6e567",4.9e+08
"c2a9b4b389ae6f20140e21eb",9.4e+08
"d135cfa351ed6abe4ec2033b",6.6e+08
"668e5bdda1f4011578534f54",1.14e+09
"5738bc8873b341bf92ece0db",6.8e+08
"879d9e3b4ef9063de41ddaed",6.1e+08
"6683685692e955a8ff172c89",8.2e+08
"82e1ae440b386c7da3a580be",9.3e+08
"efd178c4aaf3fc9d05b8dbdb",5.4e+08
"55ea155410b001104518e992",5.3e+08
"32a10e550bf7095627d17da3",6.2e+08
"823124264778e5ed64d8664d",7.5e+08
"fb01d990afd25ef96ed048da",1.04e+09
"44fab96fa2ea501e0b94548d",1.11e+09
"396761edaa353e0828949bbb",4.2e+08
"8c18d3417886c150136a03ba",4.6e+08
"f053d3918234bad409410755",6.7e+08
"8f5444b81998e52ad76b3ddc",6.7e+08
"0daf89cf494e0f40a94d3e5c",9.3e+08
"dd8c289ec872be3fe3352313",7.9e+08
"f02f6c5b97b8e3cc5d5a74dd",7.8e+08
"5f39cf56c4e1bd43f61ecde4",7.3e+08
"5e187b07578d582ff3d8e189",9.2e+08
"bd018b302f732baecd085ff0",1.05e+09
"674cccf4c7772d6091166aae",1.27e+09
"cb8844cf2070d8697bcccf27",3.6e+08
"6b44648a905e7f4c0de6c855",5.4e+08
"148aedc984c7f6831c7f9601",5.4e+08
"ff9d1cf7bd90c5e47a0bba3f",4e+08
"de2137c70bacfd5087bc5c68",6.5e+08
"12bf6b9badebc2902cc11c62",5e+08
"4394a27b21889bf78927ddf8",5.1e+08
"0ebbe9d3831727f90d677ed0",1.15e+09
"905cea21c0ce1cae97fe86ab",1.04e+09
"6cd4e68300a8bafb9d22700d",9.6e+08
"6720db016112cd2a4a5e0358",7e+08
"959d0cba47f650933b9a5168",1.1e+09
"32d2c5f1707b00c93407a19a",4.3e+08
"0ffdec8eb5272d9fe4775251",5.7e+08
"c77d7a08d5b9abd4d3082fb5",5.1e+08
"a3021c7c465dfdd38cda9f9c",8.8e+08
"aa24974831a0c608635bbcea",8.8e+08
"eeca3f5c399785a1cf15b1c6",6.4e+08
"0b51fb3a65a86d7799f27264",4.1e+08
"1af16b7f14dc04f05edf71ea",7.2e+08
"dd4e23681e00fa1cb9a679a1",5.7e+08
"153c89081fd85dcc66a02421",8.2e+08
"a53b105919c7b46c0cc1b003",7.2e+08
"4eff2f2297ce85a0a3964d2c",9.8e+08
"57062f248424c47282d3da30",7.4e+08
"99e860bbf3033ee4654d393b",8.4e+08
"db8912c5c5e5e49431b2c85c",7.6e+08
"3e8a4318d93b1fed4c48f48d",1.04e+09
"4c8ca73cb51a58933de61f0b",5.7e+08
"01636da0aa2bc223af023a13",6.8e+08
"cdef6e87c007bcd9b4efa9fa",1.21e+09
"1d45332e2f04df18cdac590c",6e+08
"db3dae76fed5fdbed29862fe",5.7e+08
"f36a379e0149d4800e793001",7.7e+08
"30d2ac3ecb8150e4d4339d1a",1.16e+09
"7f78955c480d050f2c8ae3c9",8.3e+08
"cb1dcee1f4ede0877be1ad15",8.5e+08
"a32d2c51f2bd5f23bb519d12",1.01e+09
"bcac2a4cacf13a91805557c1",4.8e+08
"a21afcc258e50a538dfd43ed",3.9e+08
"7202b83b651382e2630359c3",4.9e+08
"77d6855eb6a30d268e49eb1a",5.3e+08
"204ddf6ba4822d55ba80f713",4.5e+08
"e0587d29cb717f725e991ef3",9.6e+08
"c606665f3a3f70ef61fa5cf0",1.07e+09
"44412a9e16b2824c4a520a72",6.1e+08
"313abf19d78b719cce4b3188",8e+08
"99ad7b36c3c916393e951507",6.7e+08
"c34c2aabac06323fa180b24b",6.1e+08
"37f39916813a58b844e17833",8e+08
"6ab7f97fb9880e48fab16a1a",4.9e+08
"0e6c74a0056ee94b10bfa86a",7.3e+08
"7fdbc3fed9c9607e6d01e958",6.1e+08
"01018b9796a105be650ec802",9.8e+08
"16ede6f8833a93677d05a131",5.6e+08
"0a53b0b7c365879a6d2cce39",8.2e+08
"a293de027279019418c070b5",3.9e+08
"973ab56a202e039f5ef37353",5.4e+08
"3e18c851788fa8724ca8b7cb",5.5e+08
"0a4b0a004c894654663bdcdb",9.3e+08
"55d4b530b881abfce2d03e56",8.5e+08
"405bc08707001684d19f6edd",8.5e+08
"dffa1057472b06bfc0fa7a66",1.26e+09
"d061615fcc6355d79665f9a6",7.1e+08
"6cd96d73fc58b1502bc6ead8",9.9e+08
"db78a3ce9c6f6a7f4ecc6853",5.8e+08
"1498ce1c1bbe2e89b84a4a45",6.9e+08
"3035d7ea4b71d204b588dccf",5.8e+08
"2b8e9560dd58d880dbe77c61",8.7e+08
"e8948741a987cbb3759b7a44",7.9e+08
"20718780218eac9668776956",5.7e+08
"c0a9e3f5c57cfbb4aa9b2357",9.1e+08
"5e9e9339fe1c3a06470cf7c6",6.8e+08
"f852e0f3fb8563ea6918164f",1.25e+09
"e38b4072ff8b856487864f31",1.05e+09
"8cfa1121fc87d9483ec63611",1.08e+09
"1a805101f78cbb783e6f919d",6.1e+08
"98502628de3c4fd3905000a7",5.2e+08
"ff7ebaf86962fd0ab6ff41f3",5.1e+08
"69442123283ab024a911506e",1.14e+09
"ce6e91b53465250effacca98",9.3e+08
"5d42f42059617a5ca7ff3a32",5.5e+08
"fdad0c86eb89fe93633c8571",3.9e+08
"831725656d9df81b63c0ae38",6.5e+08
"d1f8eacef9bb4d300d086837",1.23e+09
"3b6d88f864f6c1759f957c73",1.31e+09
"5a38f908d8d75c5810280e12",5.2e+08
"c7c835349181bd3f0d964eca",1.3e+09
"edd4d560363f7575aee42d39",1.1e+09
"8f3924eb214f5194d21499b2",8.7e+08
"6140125d2a94efe499a6941d",5.1e+08
"080df3efe1fe81f97e74c4c9",4.4e+08
"e148c2b109eecef0175b3c5d",5.7e+08
"05498e49d0b875ae6aaddd83",5.4e+08
"397d0f6319465fd7fea6f710",1.09e+09
"7e6d8c4742b38854d819696b",1.02e+09
"9a8d13d56d677379ebf9a347",1.08e+09
"06bbc353bf62fda3b3786fd0",6.3e+08
"59e48259a076518d929f5db8",4.5e+08
"e7b721ed96269bb195906bae",3.8e+08
"61c3c304eb8a06b5a483efd9",9.8e+08
"3c26b2954be250bfe239db68",3.7e+08
"0df87025a6351b435958ce95",1.07e+09
"df82719238ea0e102c282c09",6.6e+08
"57c74f7b9bc5e33cc823439f",8.3e+08
"7da10de45c866c7d066d2586",5.7e+08
"e029c89d59f2caf4af4bd908",7e+08
"43e11f10650837933261fa7e",6.7e+08
"b111b17ae1fc17e3491b7a5b",8.8e+08
"799bc0f95ef9a23fc16bb1d4",1.34e+09
"bb9fe73a8742dec9b2e79135",1.29e+09
"a9b3d963a14c2c7435f30fbf",1.22e+09
"d9b46a34e48e04b5a3e026cc",5.7e+08
"782a6028457ec55d4fd5189e",6.7e+08
"11a905e4e01e7d15d35cbb82",6.1e+08
"3b3e423e248b23090a2897ee",5.3e+08
"5915093d458d4b6589e86f59",5.1e+08
"3d162a854aa05447e2cae0c0",9.7e+08
"662a3e343a7e207ecc09d6b7",5.8e+08
"289db1292d4ee40a1ed6e518",8.7e+08
"d43d2bda7b6e4d5177c0d032",8.1e+08
"b57ebf09cc691bcf009ef115",1.08e+09
"21f5bac85d5eec57acf501ef",1.07e+09
"c900d19cade1443983274ac4",1.14e+09
"87e1b1170c163689d60bcd09",7.5e+08
"bb4c7900162be66534d17541",9e+08
"d10f89691119d4a4a2c1e650",1.26e+09
"d414907e75a1c105ad2b74d1",4.2e+08
"c9b6d3bce20b7f528fff8123",4.7e+08
"0f9c26956bfe983c8c7fc227",1.18e+09
"482f57e65a3f4c6792775a05",4.7e+08
"738e86beb569a7bf51fbe199",4.1e+08
"c5788cd5507c577b7b585ffa",3.4e+08
"be164f9025f346390b986668",4.2e+08
"ea2efa1a857332559120b823",6e+08
"f3dd24a17ea51b7a2b0f037e",7.5e+08
"7aa8d04246d3e84e5ac470bc",8.8e+08
"6361330195fa7cdc6d5c603b",1.02e+09
"6820ee22d6fafc9c030cb286",1.27e+09
"472601b5b5719855ae3528af",1.1e+09
"3ce2c7f1ee7569e1b916cddc",5.5e+08
"c658639b590415bc6ea44119",6.2e+08
"42f1a529f5ff3a6371dccea5",6e+08
"e2e4641b20d81a90033a536a",6.4e+08
"253b34c2c5ce15cbd8b5826d",7.3e+08
"86ff8f274b698e7757ced1af",8.7e+08
"c4aef1d92cf264c548ef1f2f",4.8e+08
"e8603da6012c2116a70176b7",1.06e+09
"52b52aced4853a3e3d7fa058",6.5e+08
"a7bacd6f783756c9e7cdc068",4.5e+08
"68a00651ead62911f850cacd",4.9e+08
"1e7e26077db3bca2821a9b45",5.8e+08
"8aa21f48a83be25f924f85c7",5.9e+08
"48107a1dd2a3b027637f250a",7.3e+08
"6bbb24fd1b9df3df4e939fc3",6.1e+08
"aa45f8fda8801c3b4923f4b6",8.1e+08
"c32249c7c0819b1a29fd611b",7.7e+08
"f8d4ec209ad5fa5ba4a68e56",6.4e+08
"cc03087e0f18d59c521b6ce2",9.3e+08
"fa631a714774fc22ca15ec10",6.9e+08
"c310efec13e312442f7e1a01",7.5e+08
"534466a857d28dcc598e3a49",1.06e+09
"4a81bdc14b5bcc4c84f5ce4b",4.8e+08
"79ac12d8436c07b620190b9c",4.8e+08
"f69962045e9aea6b8200888c",5.1e+08
"9752758072e096fce6f7f4cf",4.5e+08
"56fc1855dc6375dee0506133",6.1e+08
"2fc19f73fb877ed8b88a5250",5e+08
"71978c139faf2a251db6ff5e",3.6e+08
"f4dc67569fd340be3dc592d5",5.6e+08
"3a103803cf9cf0451582d89f",4.3e+08
"eff8b3fe996b6d7db10b0263",6.1e+08
"9d53330b44c300e396cdb402",6.7e+08
"357e653c4bea02df1b08c62a",1.06e+09
"949292b23ece12b655122038",4e+08
"4bdff22689954e5b1e575d30",8.6e+08
"7c69d43fe2488db51e6c8da3",4.7e+08
"6f543782174a964402b64de4",8.9e+08
"767ae7de1818d645a33749e2",7.9e+08
"e667133c29f90c8fbf30ede7",5.1e+08
"3fcacd1cf9770a2724a5fb01",7.8e+08
"601193433c99337fe806b158",6.3e+08
"42c282041583e6e2090b50f2",7.2e+08
"3bc80c56871193dd782696d3",5.1e+08
"8f428b58a5189effe993ca4b",3.8e+08
"0af466463f2cf50d61315da4",8.9e+08
"c9fdc3f80534b32f1a75f530",8.2e+08
"97419310c7e696dc8ca61f7e",9.1e+08
"49d9cb2bcc98d69222b03165",1.03e+09
"99fa9611d644cf325e20e603",1.31e+09
"976d317efade1dd77ef3687c",5.9e+08
"b9bd63208716e4e0f2dedceb",4.4e+08
"91c5967cc1acb3f108d6e0f1",4.3e+08
"334b5b9fc68a18387ae59ebf",4.1e+08
"c9d096d4353b8eb843e793d1",7.5e+08
"92cade7b5347d1c00a48a1fc",8.9e+08
"1d4bbb5b756033b4be28643a",1.04e+09
"e1eb183eb261b6de96e20a56",1.05e+09
"7ea8da3b1481993b14bed9d4",4.8e+08
"78bb43910ad6ed105610d9dd",8.9e+08
"32c1f617f2b1f537ef703712",1.07e+09
"6c75d7867807d942c975079f",9e+08
"e9182661e36239f091259232",4.2e+08
"67c945ee31cf1fa0a874e4a6",6.6e+08
"2cc9f2411f98d0fd41511211",5.1e+08
"6a6d4f8251ff961609019ddf",3.9e+08
"3477646f548971044f8f0494",3.9e+08
"c82434222f4129168fa82e5b",6.6e+08
"4c00508300f40d74c79f2596",5.3e+08
"27bebaf73dff207d7f6829e2",8.6e+08
"d0ba7b90f6ba3392a165b46a",1.25e+09
"011c2017b63235bf0ed3f241",5.3e+08
"7f73a8e83d41ea252ad61197",5.2e+08
"0c25a552c34e114a1780739a",3.9e+08
"21e96ca8dbe2f12b55723335",6.8e+08
"30f6404e8034dbd513aa8a30",5.6e+08
"f2fce80439462bb9231d7fba",4.8e+08
"40d5384e2e8f8fef2032928a",5.5e+08
"95f17e64d2222c904a7d42cc",6.1e+08
"59374f70d5e7da97e3b8b35f",1.07e+09
"c2424b4861f2ef50f8876c0c",6.3e+08
"e7def7d0999433ad6d3ea412",1.21e+09
"d43f045d046fbc8f5ecf465e",6.2e+08
"12db154d9d29cafa574ad387",4.2e+08
"61779f1bec05260cf10a0d2b",6.2e+08
"11f8f836e5626605ee4b41c6",1.11e+09
"16fe92ffdb7e1aeefcde80f4",7.5e+08
"8d3f4ec0c37443eb3f953584",1.15e+09
"001dbdd202e9908ee42713a8",1.05e+09
"fc5f41aad1b4bdcbd8298037",6.8e+08
"cd19dcd4aff76caaa1cffe54",4.7e+08
"7272c3521b7083038ff0a690",6.6e+08
"a480b654e1b8b7134091e613",1.19e+09
"ba24834c9fb0e87c4ea7d1a0",9.1e+08
"ac46e3eb688cb1cb17da2545",1.13e+09
"3053732169b2260529f90133",5.5e+08
"ab0c047373b5d1810fe42bd9",6.4e+08
"698383c101fb784f8e1b1ee6",5.9e+08
"1b09c89b546d0058cb09c1a9",9.2e+08
"64edef308b6a9805f0846cbc",1.02e+09
"995a5799d9a1a7e4dfe4fe34",1.12e+09
"d4f1fcd4c20dec55e977720a",1.2e+09
"21264b5a73fd27b85a4e2654",6.4e+08
"d464858ed94a1a74948f479a",6.9e+08
"dc420bf2dd1759b7f281cfa6",1.3e+09
"0a268e25a5f3a0bfd8898a40",3.6e+08
"a3460f00d48816ef66e3acc3",5.9e+08
"9559637fc2bdf96defd2438d",8.1e+08
"17fbebdfe6bc0618ecdd247c",1.07e+09
"00f2621035b1969d53f03fca",8.4e+08
"e97c998a6a0709605432ccb1",4.3e+08
"39e306be57a992bcc75e089a",3.9e+08
"55d0225b44a81e82eea3efcf",1.06e+09
"c7c5ee499c712082931032a4",1.31e+09
"01db5867a69f8ea7849d69e8",9.6e+08
"5ae2fec22f535ec2490174c5",3.6e+08
"a6731fb85da65ce14468341e",4.7e+08
"4e327acca2e033c3fb305c5d",6.6e+08
"37b8e8a194e4f2fed7ddcd96",4.5e+08
"a8dc954142c54e570bccdca5",6.5e+08
"b427d767b071c3e5ac2a078c",3.8e+08
"ba7120c89c8de0e57e30646d",5.4e+08
"4f5bc448658287ffb3d49b75",8.4e+08
"758d9f47824eb74d1b486024",1.01e+09
"0a6ade3bea1768aab76680ed",1.22e+09
"639b98d0798b5670e7bb2569",1.17e+09
"cac82fdc4d960947bbc590c8",4.6e+08
"c2b880a6bc90cdef9dac52ca",6.5e+08
"dd8eff6162c32ecbc6972509",5.1e+08
"6e2f79cf68ac0ba2b1a6b0c4",1.17e+09
"a904fab9fa4f41a11f673fd9",9.4e+08
"bf11c5dfcb321e020601e9ba",1.12e+09
"a99df3a2cd4f2346c6e903dc",3.5e+08
"5664cfe452394ff9376bcc8b",4.4e+08
"d4c6dda51fa949743a46e835",5.3e+08
"b7f47484bbd8113c62cc8c1f",5e+08
"d4dfddb6564c9f46b26e7aab",4.6e+08
"5cd742ea274b4a8832114080",8.1e+08
"c876ed979c9127674000b740",7.3e+08
"45269f56121b796d0392e2da",1.26e+09
"e981d4fb3a33f372ac26901d",1.37e+09
"2f13a428281ffc425f2c2e38",4.2e+08
"407e4196114b64578beac143",6.5e+08
"342027b17940a0cc5cdbf8d9",1.14e+09
"dad2bbb0fe138e426000a33e",7.5e+08
"8fddeb4ca696706f6cbe573b",8.7e+08
"fe368a7d2e09fe88b1b972e4",4.4e+08
"91d35b9421c4982b54dd520a",6.9e+08
"44e9224b9735235fc7271672",4.3e+08
"ea7c9e327eab66ca286f6726",6.4e+08
"41abd8a2cbca609cf868f227",8.4e+08
"20289e986c1959f0c83a6a4b",7.3e+08
"fb39ca089d05381b3a7ba847",3.7e+08
"d2da963bf6c2f6fe724be23c",1.12e+09
"670f7dfbe2eba87e55176257",1.01e+09
"469b33a6f153ec334b6123d7",5.1e+08
"c38ce4f3763795c61efee6f3",5.3e+08
"8553a05c2b30be81c64a6295",1.07e+09
"d8b3a1d0cffc913ebd05b931",1.07e+09
"f0fb8232343d235741a20586",1.16e+09
"8c2423c14aefa13d255fa77b",5.5e+08
"e9772a54bc6638c723dcebdc",7.5e+08
"171149ef76fe0a2074c5bf69",6.9e+08
"96448fa0eb077563a2d168ca",5.7e+08
"3bf1bea2a835d7fd11e47ce8",4e+08
"2f4b0b1b81c792f43f4ccd5c",4e+08
"086540702ba0876c0c05c5d5",1.08e+09
"57d17db2cc5ce1aa889f1f50",1.05e+09
"3b6cedd9966332f0722208cf",5.3e+08
"33b702ced6de5f7ab8b29e7a",6.8e+08
"e0e6852c6d6393d6d3719131",1.01e+09
"822896f609e7761b58e7f6e7",6.1e+08
"5b6f21752f3744ec6e529d74",9.3e+08
"5d91dd63b6aef851e0c78389",6.6e+08
"0a369278a1ef6f5e9d79e2e3",5.8e+08
"7523e95fc2afaf31bcf30979",1.13e+09
"cb9de5719b978a78c71db699",8.3e+08
"af8c90983a23ee15c72b8e22",1.25e+09
"e35d8f589e6b1909f5e4132b",1.13e+09
"ecaa5e38ff6cddc14942eb7a",9.5e+08
"d2eeec3fb1ee4d686758534e",1.04e+09
"e97d03ef9638c8e1d270ed2a",4.2e+08
"cbd78f55af1db4d89b53b496",4.4e+08
"1b2fa2ee5927660313569617",7.1e+08
"f7f00e13da4910d724aba4f6",6.2e+08
"9a6b77dc2c414f0baa11effc",5.1e+08
"bd4d0b8799fa5999c5d2ee3c",9.9e+08
"c0174ef555bfdd648acf4346",5.2e+08
"6463505a740324c7aa869d79",8.8e+08
"f2a4f5010f3da37e27505ece",6.1e+08
"3198c4acc62c1a2276bf15de",7.2e+08
"b22350d505b87dffaae3a5e2",7.3e+08
"3487768de3a13b7ee3df0254",8.7e+08
"fd81506b0a00fab1ff680b64",5.8e+08
"8f221efe392ba42b519e5f57",9.3e+08
"1f33395df1e4f6a185c507cb",6e+08
"fa823373d2e7fc9443ebb6ff",8.1e+08
"0a6966f19bc2c303886ca82c",7.3e+08
"2fb5206d246ee7ab22fb8143",8.1e+08
"8d7dd9de4e919fec5916862e",9.5e+08
"0b67da6d74bb3998c80893f4",6.6e+08
"736d25efc9e570379d32c089",1.06e+09
"4615a8a7af9d7cefc7fe4c4a",1.18e+09
"8b753628bd37b9759dad06ea",4.9e+08
"5c7c83526b72ced12a08e573",5.9e+08
"9baa578a930a94f761119fdb",5.4e+08
"8fe1a07cbe9b8f3498cf74b0",4.4e+08
"b7e3b0c90c0d3bfe5befec54",7.1e+08
"e6a547b2c0d126c9b6800515",1.04e+09
"b08f88ef973c9d1c3a86695d",9.5e+08
"5933c18b8cb17cc6e4ae91cf",1.05e+09
"64a24372d58a2cf535c3aac0",9.6e+08
"e6f9288cdadc5851d29fabff",1.13e+09
"3af4b54bb5ee5fcff80f1e53",5.4e+08
"3b758c26283c2f11251bfb89",1e+09
"0dd510aaba8036e8fd9d667a",1.19e+09
"ef6ac2a5102d7be910a3e4c8",4.5e+08
"24c32572ca6161a603a7d0d0",3.6e+08
"c7be09a810b9e54d2dfba4b2",6.3e+08
"01a5a230e8a808d844e64397",1.03e+09
"5ade8e9c79288d511ce1fd79",7.9e+08
"7cf50019422bc9569a985736",9.1e+08
"d4716e228067a7bb0f30aa30",7.3e+08
"cb79e02041eddcfa9225346a",1.06e+09
"b059afb753452ba358fb432e",1.28e+09
"fd9f78fb2d2f4d01e462bcea",1.11e+09
"6337f924f515625e7fa638a4",8.3e+08
"503f33d11f75b6b5102ba4ad",4.5e+08
"41479709513815cf5fc1eac9",8.5e+08
"8e17d7d78e7acffdcb04d982",6.3e+08
"f1e7a0c7804083963b5b6de6",4.3e+08
"35dedbaace193598c9c438a7",4.4e+08
"e67fa931031bed13c711ad00",4.9e+08
"eb2bbf82cb615e3227305b55",5.3e+08
"2be93bf5132bb788bf045c28",5.1e+08
"4893b21db2d6aa4417e1cd1d",1.04e+09
"2dbef742d0c59d21ad7392e3",9.4e+08
"fc16776abc877decb82a5954",1.07e+09
"c523380518164e1e317cf1b8",8.8e+08
"3af3a702988bfa0599727982",9.4e+08
"99fad8a7877c57c0af05b318",5.1e+08
"42fa0158217c9cb820f2a06b",6.8e+08
"6750be41e08a725705256b0c",1.11e+09
"90bf218565cd67ed83240033",1.14e+09
"ede08c77d6090e0900654eff",1.33e+09
"2f7784465c1c69c8f786a0a9",1.31e+09
"d81a040e22d541a74122f3c3",3.9e+08
"34c84d0a410920c303ba69f8",5.3e+08
"6b0828221f9cdf5cf39e7c15",4.2e+08
"75801c34fb510d824a7d8366",4.6e+08
"98f2d7810641693c44096ada",5.9e+08
"1fb4c88bbf995f77f2f29b7e",7.6e+08
"0abc98f7ea1e477c6fe3425c",9e+08
"f1ef14babbc4123c5157eb9e",5.8e+08
"ecf47573fe1ff641f6914d0a",1.22e+09
"61b3bd442f6fc8838e2f45af",6.4e+08
"ab38b4fae64ab90a55b5a403",7e+08
"1be9d865ac8d01f0378bc148",1.18e+09
"b5293710d0cd75f95de001f6",3.6e+08
"8b8ec04a78d3826b2c8a5754",7.1e+08
"e35579e8b9b24dcccf93abba",5.3e+08
"db5e320f51680100f1ec06f9",4.3e+08
"59be3c447844f31267366cbe",5.6e+08
"0f3b424c398a8e8b53162c37",8.8e+08
"57f4a3f6fe2e41ad97116002",6e+08
"1c6038b67a40f0749a72e6cd",7.6e+08
"e5da0e3919341762d5beed25",5.8e+08
"40efc0dc313284d3b57492f9",7.2e+08
"601da8fc375ba0b3df3b38bc",1.22e+09
"61a12496ac1e6f39c5ac5d3b",1.32e+09
"8635edb61b1dda6f4742cac7",1.31e+09
"ce12b48120daa5704a4c81e2",3.9e+08
"acf4d60dad7953065b59ced3",1.04e+09
"56e3e7d822e13838ab9f85b0",9.1e+08
"7ea2c18341f69f21b523906c",1.02e+09
"dd2396a42097b2e8bce52a72",8.9e+08
"41f99600339a7afc8e386e6e",5.5e+08
"b2d160f54ce5f98f46818e4d",8.6e+08
"00dd36caffef00fcde85b235",1.11e+09
"471bd64a0576aa67f494eb98",1.09e+09
"79e307acac5f42f2696b0436",1.31e+09
"616a5485bc7721ecfcc21c70",3.6e+08
"6ff3186df9d15b65dae5bd17",3.9e+08
"886706f32695891af743f986",7e+08
"daeb02020f23715e663b4a38",6.6e+08
"93fa1c8ebb75b77dea76ab99",9.3e+08
"ab25a6737b3ee0c4e9cf4ae6",5.2e+08
"c5641447732d3d1269965ffb",1.2e+09
"86b290218a62d0c51b099a08",8.4e+08
"d7b82133acf54bd3eac338c1",1.27e+09
"10fbecd8de540f1fe4c57b7d",4e+08
"137baf1609138c6ca2715c7c",4.3e+08
"f5534949a53bef05de31b07e",4.9e+08
"466d4240af2cfd09a31cf3ff",6.1e+08
"7478693f3e7e8963e95be8bb",4.2e+08
"a4885ce6808ffdb878c41f97",5.5e+08
"a14506a4800c27223fc34728",9.6e+08
"e16685dae2bd3b0a4803ec9a",9.9e+08
"044b8431b186eb022cf6fc24",7.3e+08
"60de8c37c9eb96efc432451e",8.6e+08
"ffd916080b1019827491de0b",8.3e+08
"6b8ce573bc2ee68ace26a67f",6.6e+08
"7ce704ef5752dd496a61d857",9.3e+08
"5e6324cfe41c3676c7d0a5da",7.9e+08
"f1a4afc2e543ce4260f1d781",1.08e+09
"5d17daf3e98cf433267d978f",1.29e+09
"d5f41dd3258aa346367d7725",5.8e+08
"a672cd6c8c284e14913222d8",7.4e+08
"93086ab3e32aa9599708382a",1e+09
"63773145b1a896df26504b0d",4.4e+08
"17707d66753c1eb0aca28926",4.9e+08
"6a2d4d9a257fdfb2ead837a1",4.1e+08
"f9158cf51f5e9f644349a774",4.8e+08
"c09c39339b5bbd48f349a430",5.7e+08
"d470d84f5d8299c52fa24499",5.8e+08
"3fc826461ec4648e4f7877da",6.1e+08
"0e7dbec40eab1b3e5c6bc665",1.02e+09
"81b3256980dd7d7f49030c78",1.07e+09
"fed2e1459e9ccc06943a05d1",1.16e+09
"1c1ff56435675288e78c4735",5.5e+08
"ba12305002d24055c159ed34",3.9e+08
"bd74d43d99a240ef4190ecfd",7e+08
"eb270972f0f69f1671a0a740",8.6e+08
"d51d3ef396efd4760c979de4",5.1e+08
"ac65d147ee69785195ef7da1",8.4e+08
"5826567e12ee3192785e36f3",1.08e+09
"ab64918f2b2b4646e87297c2",1e+09
"88b0d688281db2ef0a782921",7.9e+08
"dcceb6a2073faf9f89f3431d",9.9e+08
"a45ba5d63cd1971de19c25db",1.15e+09
"6184f12f3a903658f3319290",6.3e+08
"92ab018394a5398b832d0b97",7.4e+08
"e8e215437d023387c4a55515",7.4e+08
"7b8a6949d55b5bb27c3c6839",7.2e+08
"33f1a7739cb556a78af083de",9e+08
"4ac4fbcacef08524ccbf3623",3.6e+08
"5b5bb8156b98eb51a58e73bd",4.4e+08
"730b528617c2841eea5addaf",6.8e+08
"13d08f7e14471fcf517c204a",4.9e+08
"da273cee807e254fc9aabb9d",9.3e+08
"b8f7bd85b61951ce83d7f57b",1.15e+09
"4954ce465ba712543bdf34fb",4.3e+08
"913cdfdd62e35472522d0a6a",6e+08
"be28b90a71e2922437f25110",5.6e+08
"b71857f1cc385219f114035c",4.7e+08
"a72041a40ca87928c695b2f8",6e+08
"65a626faaed9d9e3b172415d",6e+08
"229bcf400e309619268dda31",6e+08
"367bc4fef78a9800f8616d02",6e+08
"dc0ac888f1e87924e3994b4e",6e+08
"6996e88c10a94d9ee7d05357",4.9e+08
"cb8fbae1b4141461127c97da",1.05e+09
"d2de34876a7a6914c2dc479e",1.04e+09
"c666974c4303d43b87714c62",7.1e+08
"e8491a7994738d098a7aede1",1.1e+09
"9ebe11eba1a88fcb24fcd141",5.4e+08
"78b0f0bd0494fba0293eb0c3",6.2e+08
"047b0ded64dcae203a3015eb",7.9e+08
"7b95396ef4d0e97de8fb4986",8.2e+08
"08f1c136d5a456c0215ebea4",9.8e+08
"0880b703bf2064f59f2bf20f",9.8e+08
"cfc069bd55e152e40b3a1391",9.2e+08
"0a00771ee714a2f3f96c31a3",5.5e+08
"06acca3d0ef4685dc055ffa5",3.9e+08
"f802b026db4bf9d68cf00b16",3.8e+08
"4aebacb9ecd0a117307c7841",1.03e+09
"81ccb7e0255eee6274f5d930",1.18e+09
"cd17bb739ac79f80d6f651a8",1.09e+09
"917829a0aba571cbe794838d",5.5e+08
"5b83b73ec31031582aabc527",4.2e+08
"5e18ac352e3f3119f5f9197a",1.16e+09
"b7eb15346797508f47ae094f",7.4e+08
"5ac98c971b9293bc6a8a6aae",1.01e+09
"e196b7cdeab1468d5d4e07c5",1.4e+09
"0ea201bfd515584bbf72f902",9.4e+08
"d2e6ab3b3106f36f2c3fc119",3.7e+08
"59db28ba77489750903261d5",9.5e+08
"b348c76e55613f53c8bbc94b",1.05e+09
"a1e38854d6725e9c48c128b1",3.8e+08
"b86c526fed01211fdbb62815",1.05e+09
"1d2b83d973547da8c168f743",6.8e+08
"0fe3dbfdf25d4b013b842b51",5.6e+08
"71a20a4daea6d31de942b2ce",1.12e+09
"35352b370a31d01748616b01",1.14e+09
"27942219389ecffbce2e1d9e",1.06e+09
"8037e40c0c8b20ab6e0d4b78",3.9e+08
"ee7f7d547af56773a4b0afaa",9.7e+08
"9ed988dd6739eb7ad7aa5a06",9.2e+08
"26c08d7331ae19e1934a22da",8.3e+08
"767024c66d3a88bb18407b6d",8.8e+08
"551ca6ad1ecfc7ac21f8ef0d",9.5e+08
"1f79204a8f62c29b0a1b29d5",4.5e+08
"3dc0fa238745fbc31ba88853",3.8e+08
"4bc3f597867c6844e9b47fc9",3.9e+08
"53973c17ea7e89fbee5e6cf4",3.6e+08
"05397b2087e5cf381809f169",5.6e+08
"584990ea9718bb5598495061",3.7e+08
"2e7c6a89d2cf2d835839f5f1",7.4e+08
"5c02d79c59fb636ca4cbe86e",5.2e+08
"114436e00c03b44096823522",8.6e+08
"60caee98c3cc8526d16d7f44",6.1e+08
"8207612808b5947f2802d2a6",9e+08
"31a73382ae20331521bf2e6f",8.5e+08
"c58947cd4f238cfdc0007bf7",1.34e+09
"a7ee02ad2a4fa122799a2dfa",1e+09
"c77a63e92b9f727034913d8f",5.3e+08
"56c6bf831d3c6737e3844969",7e+08
"73ec6f4da3c277958cd2c228",1.26e+09
"7dcd1916c0485e0b80f9eeb4",1.06e+09
"cafa94c4a56c23ec73ee9071",1.06e+09
"d5ccfaaaa739b2bb2b3d46f7",7.8e+08
"e6d2e862f58445084b2980bb",1.29e+09
"62f96ed5c1e5f28117949a23",4.3e+08
"20d8980a4fa8e094b7a5f00c",4.3e+08
"0172678cb0737e21a317eda4",4.2e+08
"6254ee88812e303bdedb8767",1.24e+09
"a812ed43db71868625b351bb",1.16e+09
"2bd1c70db60a44d4400847ca",1.25e+09
"b057dd8a9c2082d1a78cba88",3.9e+08
"2fb149a70fa14ac05582ae69",5.3e+08
"47e282cb12ae01243d713178",4.8e+08
"ae47cf27964393fd56a52d7e",7.4e+08
"21642991a20d6b0d17dea2bb",7.6e+08
"43b10ad2660d7552ab6c3b10",8e+08
"64e5093d6bae57e8b4298123",1.09e+09
"9d8d3e6fb432174770c74e71",8.7e+08
"9f2498c12d7b41c213bec0ff",3.9e+08
"6461c0a03ad3ecf2f8112759",8.6e+08
"09b15382686c42fd89b24285",1.23e+09
"2a89ac6511416d0920f1b9a2",1.1e+09
"e611a37562f88ebe07bb28d3",4.6e+08
"e685650979374c571dea2ec1",5.4e+08
"10d47d2c73f0ccbc97979bcd",5.4e+08
"fe96a7d758a874b1f0c42145",6.1e+08
"a7634531887e969c9c5469d8",4.9e+08
"42f38b1b2dc077c88a746c1e",6.1e+08
"25e832098d9e6e7c2f9afe2c",6.5e+08
"0391d158ab104c5cdba31872",9.8e+08
"a3c4d0ba7b85b9a6370e131a",1.11e+09
"27721beb237824844adbc289",1.04e+09
"6e807e25b64bf0de81f51c12",1.17e+09
"faedbe92e3296977872a4aeb",1.29e+09
"5bbc190cdc5ff3296801ac0a",5.5e+08
"c0155096575af5fc8db843cf",3.5e+08
"8d911c1a195567dae3cad99e",5.7e+08
"9662cce3c4b92d1c99849899",9.4e+08
"547c8638128424b89d602f50",1.11e+09
"21c8b93e50ac884e63514f10",1.12e+09
"49a0715897795017ee0de843",5.5e+08
"da598f8a82b1ad1b02961cd1",8.9e+08
"61055e6eb1910507640ce6b4",7.9e+08
"3f6effb8881ea683838437be",7.8e+08
"694b0a500f1619c4ac4c85fb",7.8e+08
"ee8103b958673c589b9cb27b",1.16e+09
"5b3a467a3b0feb8ed81be1b7",1.22e+09
"0bc8475715e42b752649b4e6",4.7e+08
"956ad3b1dcbe8f236efe2d2b",5.6e+08
"dc81900a751b64dedcb4ac39",5.9e+08
"02e52d3895522d9be85c4544",6.3e+08
"8364aa431b2e267e41efabc2",5.5e+08
"1b59d33f9000d2e1aad46239",3.8e+08
"74a791baebeffcb7e7b917d0",5.7e+08
"0a3911a1a9284f2ff81689e6",4.8e+08
"6276bb8ceb13d174b8e405f0",4.5e+08
"d573d2caf8c67aa32bbe592b",4.1e+08
"57cafce17dc4de3bf8a9ba90",1.09e+09
"3a810dc80d3a63f8cf106717",7.9e+08
"c9859204696f3440cdb541c3",9.9e+08
"349fa9cfa15d8f8bdcbe863a",1.33e+09
"d0bdb51c8020a37fe8344650",9.8e+08
"7b037e6e5d110999e51b79c9",1.03e+09
"a9054883a22542257c7e778f",3.9e+08
"d7c70d831e88d552da09ff29",1.05e+09
"d4d138bbc80a0b29ed28a4d6",4.7e+08
"dc9119767bf4f21fcccdcc69",8e+08
"e8caed8cd754b0e3d43e6954",9e+08
"6a42271a0b03bf9a856d1acf",8.3e+08
"2af9e271765438a47fa7e7a9",3.9e+08
"11429e0923f804d7dc5d27b6",1.16e+09
"a98e4f4db7afb8a6c9f69400",6.6e+08
"3c35c8993bb937164ae4a880",9.8e+08
"c23a1372c81ba03e6dabb0df",5.7e+08
"cb332695a296899d1c798426",8.7e+08
"2ace3da2fc4e0c022f7a8755",8.5e+08
"14f1bf9aa68aee1ac094097c",1.09e+09
"1905b860a8d463c3048b4e46",6.6e+08
"395fbdeb9f0c0586a2b20edc",4.4e+08
"4803a3aedb6c20eb194469c1",5.7e+08
"bf95acc88b60a3d531fbd42e",5.2e+08
"b936e36ecacd7cbc3498cee4",4.9e+08
"886be9a1881866ab1f300533",7.9e+08
"ef34f331871e8ca6573981e1",6.7e+08
"53bbf1d3345eabc2a8b7f5ff",8.6e+08
"a10055de743532d7b7bd29a0",5.7e+08
"c344e3be381326a1b6cb5989",1.05e+09
"3fa4ef366575bc72ca5a0582",8.1e+08
"e9205b722e624eba0fd36145",1.32e+09
"558d9e4b57fbe6c7e0a09a95",8.5e+08
"83007c444fa52b34482ed55e",6.5e+08
"e08561df5747246d74136dc4",5.2e+08
"5b0219cdbb8ed527aec91659",1.09e+09
"119805b72aeb50f05d3a5bd9",1.11e+09
"fd20cc372715855081e24eae",1.04e+09
"314153750510e92ddcecf33c",9.6e+08
"9d576cf721ad30ab1a4fd554",5.2e+08
"50160783a9a0503df5a38dee",6e+08
"0f4abd70b68453d3500eebb5",3.9e+08
"42cde300d741cb134a529031",4.7e+08
"1e9cb258a0b7e08244d7fcb1",6.3e+08
"febc9a1b054671445d756cec",8.4e+08
"39351adf139f820864dfe8f4",9.5e+08
"b4fac45659e67d4e91fe65ff",3.9e+08
"fbe555f6bd0edc1bc950d9ea",8.7e+08
"67308f6bb80d2a203e306104",3.9e+08
"0b937a3ea4864896b744108e",3.9e+08
"f4b1645da3f4286e39f2fe4a",7.3e+08
"a2d1de4211aff373009809ec",6.1e+08
"50b619ba3e0b2a4c6512bc97",6.7e+08
"1e2270f9f49aaf3be01dab49",1.09e+09
"99970db787f55a4d1963942e",3.7e+08
"801d821fd6ab7ee01b62a800",6.9e+08
"1e057cf20757627d1b006141",4.3e+08
"798bf22408ef6814759da1f5",6.5e+08
"af578bfec5d84cc2f4ffb8bd",9.3e+08
"a310528e34207b5dd813df8f",7.3e+08
"ecf5c9bd618e3976ceb5697f",1.2e+09
"d342a1ae299065045a957767",1.18e+09
"f5dcdfdcc8f414cb7a38309f",7.5e+08
"4090c1b86074c8e769cc72fd",5.8e+08
"7ef2d4777310765d0c8121af",8.9e+08
"39222ab30001b3cf45b7de65",5.8e+08
"91a73bedc30e0c2acd95d6eb",7.3e+08
"d1e6d6900eebd9ace65d6c36",6.1e+08
"592c9c45c07388359f663219",5.2e+08
"2e23ee2beaf5293f57a5c504",4.2e+08
"abbd422c412c2d57f5df62ba",5.8e+08
"648217f4d8b5e0e65dea066c",7.7e+08
"52e7657a539be5f36f48bed8",1.03e+09
"3a276f0df8c12422e14107c5",1.12e+09
"dc537b5973d2b94acf6f23df",8.7e+08
"0a41279a5ea9b92bf8cb79c0",9.8e+08
"80ed77aff62d4c57ede6ba94",6.4e+08
"52b699f9900d81ae85ddc7d6",5.7e+08
"98c5b154ec80083bf6f51835",8.3e+08
"588400f7829874f9de919e39",6.1e+08
"31474c62a8f39e250fb2882b",9.6e+08
"5d030db414b00948ec10d18f",3.8e+08
"6e57de8c4ec2e42832cd4b09",8.1e+08
"d9ee40ccf461ce3e9ebb815c",7.4e+08
"ee13d186a24af238d06e0c2b",7.5e+08
"f27397321c007765244e56e3",9.1e+08
"959397711c3f452486ae591c",1.08e+09
"ad14cc63c36789bfc1bac0ef",3.7e+08
"4a20d03d09fb9d0ee5565ec9",6.2e+08
"734c9446d0674b8d6545bfef",8e+08
"d9706de7190ae64c83e65769",7.6e+08
"b778282fc4b9c43055629e44",7.9e+08
"a4d4d6480b56d6198c0120d4",8.6e+08
"7557a9bc12cf0f2901c00264",1.05e+09
"41376f69b086937257387f1d",8.1e+08
"c1e0b47866cf4a0120e4b3d6",5.6e+08
"45a033d121ca5afef24161ba",6.6e+08
"bc834280fb45fb308d957640",6e+08
"9ddc14c8e7fe7ffb078e0019",9.7e+08
"7d66238672def6f73c25247a",5.8e+08
"2c12cbaa1f14553c1d41b958",4.2e+08
"196969a98960a68088266261",5.7e+08
"a5a3cab55661982b7d30bc78",5.6e+08
"6464d5cc161ac659dd963897",5.1e+08
"e9f44786cf982100af0984e4",1.02e+09
"6302e608d8f37e63f4e5cc27",5.1e+08
"ab614a5008d68aebe34aa201",7.6e+08
"06bfbccfb3ec0b1f65f4b351",1.09e+09
"f7f46ac9158f0a1edd01709e",1.02e+09
"6e233ae6294318baaeebb59b",8.5e+08
"bf6e713a689f574b532edd4c",1.07e+09
"a7e97bdf2d4f2f62f9889c3b",6.2e+08
"878ff8ef3c862929bbb19ebc",9.1e+08
"ed80ba018de35d5d76d50db4",1.22e+09
"9267fcc93ae3b6df8c12d9fb",5.8e+08
"babe27dc477f5e1b7e438422",7.2e+08
"a4173461aa676e09227559fc",5.3e+08
"f0b2a0602bb5a83f0827ac75",1.04e+09
"2da346c00d6fc39268f12b82",8.1e+08
"9ec5fbf8767dd0d2744a79b4",6.4e+08
"c85e9bd6e20ee2a883d0a7d9",3.7e+08
"c75b265c0eb946ce77e32ce7",8.9e+08
"d233eb8af3ef7e325f6c8f9f",4e+08
"7f7f5313341b3ca499968716",6.8e+08
"4fa51848638f4437a3e31682",8.8e+08
"9090236db3ef719edf72a330",1.25e+09
"feb87029d5a2e8125e165bef",4.6e+08
"61ffbbc24b30698ab8f735c0",5e+08
"0e3067f71dfb9dc2e03bba59",5e+08
"b8ec643c66478da376153333",5.7e+08
"c8bccdccc9186136a332e995",1.1e+09
"0f4765c8929a87746217e957",1.16e+09
"989a4fc1590097414d7c3fa3",4.8e+08
"b6853999c45e21646a0d1b20",3.9e+08
"6ddb6863958ded0d72fcc6a9",4.8e+08
"f6fc3807b54d8c69459c4f64",5.1e+08
"6528ca87df8bb477f4b6b8c7",4.4e+08
"7bba885503ea7716ffea503c",5.4e+08
"846e6f1ba1c94966314345d8",7.7e+08
"04e6a79dd3e4d8d17c8b5387",1.18e+09
"4d60db10157fd0b5eab9a23f",9.5e+08
"0d7d434afcc5e93050e0b86d",1.13e+09
"bb9ffa04d913d06846d082a7",1.15e+09
"79b943894c4dd68bfd8cde7f",6.8e+08
"64f36d32a3a64853227fa69b",1.34e+09
"d7080c3742cd9d72e9d0ae48",5.1e+08
"8333d32b98625a2742cfabd6",8.8e+08
"bddcc7fb72bb973f84b864dd",9.7e+08
"5a80dd0f68dc2cf9fb1b0c03",4.3e+08
"5d82060575bdb7be33e63ecb",1.01e+09
"de416f239b27327e0f78b862",7.6e+08
"95bdebef7fdc2ac0e9541c51",1.02e+09
"57e8ea351ecd1ff0825b1324",8.7e+08
"c84f96cf4570158c3832c3f3",1.01e+09
"93ab279de0b7b414ce758153",7e+08
"2018131ad3f6e5aa8f4be704",1.16e+09
"eb055771816b45213df3ff3b",4.8e+08
"8e3700ec731701361d7bb7c9",5.2e+08
"422e994aaca85628ff759004",7.2e+08
"569e2cad5c18a5f393f80a8d",8.2e+08
"7b4ca3a8d09968e48c185260",1.05e+09
"12785f791e04b3a49547fbc6",9e+08
"a295b12b773127f15e83e174",4.8e+08
"90f0cf22cf9c8fcc290e495d",3.9e+08
"220d466e3737f1f2a8ed06ae",3.9e+08
"235c56f4afd6d87f1b3e199b",3.9e+08
"eb0f3b14782c9a484408c606",8.1e+08
"4188712d431ba996cd59fbe5",4.7e+08
"3dfd7e954d6f7f40af60bc9d",4.1e+08
"00e80be4feb1e8593b7713fe",6e+08
"eabdd1bad2bc4351ba4a2635",8.6e+08
"850342685ececa472945f7ed",8.3e+08
"ecc4d05489c5ffc8164d5469",3.8e+08
"2406d47133763272a965ef51",3.8e+08
"b9430e8c145c2a0d7efab2a4",8.5e+08
"e7ef0d61e27de15f10b0d643",8.6e+08
"a5a71962df1b8bc45bf5547e",1.04e+09
"eb9ab213defc2de5d878653f",5.7e+08
"69f7ab8608b5328f106b42e5",1.07e+09
"9daaca90887e5144c35daeff",5.3e+08
"2bd08c0964ef4a95295db843",8e+08
"34f0542a538cee9f3624d897",4.5e+08
"d38353aaffa4af168518c6c5",6.3e+08
"d994f3919c3c8fe0ebd538ad",8.4e+08
"ea9d6dc517c77ff8bffd596b",1.02e+09
"ff83788b9f8db0297f6c0148",1.13e+09
"9362189c5d784741c9b0f8e7",1.1e+09
"7ff8b0b5ab4fd12f3be399ce",8.4e+08
"d5c8073e3ceefbfbb547eee3",1.04e+09
"66379c5752189c150954b4f0",4e+08
"6a3f9046cfdbf4eefca3ca69",5.1e+08
"b549a72c938d767ed504bd83",7.4e+08
"f48e503ebd3908838c1f2ae6",5.8e+08
"07edd16680605925192efcf1",7.4e+08
"70b821bc1c7dd846a8be343c",5e+08
"d84d7edc4a4896c4a8722328",6.1e+08
"6d592a69209ef3356e656c44",4.7e+08
"ca9b2ef10b512905af6be620",8.8e+08
"bbf16146922556095f53b5ea",9.3e+08
"86e80098f5a3e7dbd635838d",7e+08
"dad46c20f9f7d834e522fdd1",1.12e+09
"aa7a25411bc0f9f93dcc40df",3.7e+08
"e192181121fe58a8bf94aecf",6.3e+08
"5aa715bbe2b178ad0c9e4b08",8.7e+08
"43b5b5a9a1615eba48ab8b66",3.9e+08
"dc91e3fe1b190fd8cf2584c9",6.1e+08
"1014341bbcd2fd5775631f78",6.2e+08
"7f2e9d302a6ed1770db9f7cf",8.5e+08
"73f4074e5e09e52e0e03598f",6.5e+08
"0460eacc73398bb95f0518e2",1.26e+09
"620e467297aed5c47e22735a",3.7e+08
"41037a3f8625082544979179",5.7e+08
"0906b6a88fb1eb0d7bfb6bb5",5.3e+08
"f82adf71d17c261b41a5231a",7.9e+08
"bdda694c42c52ba4803d482f",6.9e+08
"80f633154b6f94b8fa24f213",5.6e+08
"f69aa18a64d8b8494fd9fe3f",3.9e+08
"3146f3ec9b237fa0944cec7b",5.9e+08
"5db3d671b5aa03dc33f258dc",4e+08
"bc28e66374356a4fcf9b62d7",5.1e+08
"a85ba83751915d8d5d1a0e09",8e+08
"429460d5f5c5381e945cf449",1.15e+09
"a53dc5c58f7384729ba37a21",8.1e+08
"f13f72c1cb469db92b25c2fb",1.33e+09
"45dd7eee4488e88d71d46783",1.3e+09
"e1e69b5a90431b8a44265487",6.4e+08
"49cc8164d94a2afe8b750af4",4.8e+08
"8632f5681d04d9c934675409",1.21e+09
"8356123e4d10a479a12e98bb",6e+08
"70463649ffbda5fdf3c10ec8",8.2e+08
"1414ec3cdd3f6ab772fc7584",6.7e+08
"afbe90d764c1821cdb26e38a",5.6e+08
"0a9e4dd0eec86037a36fe769",9.6e+08
"ce509ce153f452ff8a997538",9.7e+08
"66d8ce8e6aad18a4963275fc",6.4e+08
"8398e3b96d1311c7264f6603",1e+09
"1562a23a312478d7a05a33dd",5.8e+08
"9fcdcb2be94744d00e734a3a",1e+09
"6cc7718e834ba47a429d6874",5.5e+08
"0bd42f8ee9d36dae4cf35886",3.5e+08
"567ca46ac91cc53e3b479547",4.4e+08
"65ff6cef76efb4c83ac0611e",6.9e+08
"784b1db005d39c2f57666efb",5.4e+08
"a2f06081983f748fcd74652d",6.6e+08
"66e4f010db2febff23b4a4f5",6e+08
"36eb8139a5ca1b8459eb52c1",8.8e+08
"c357cc3d2f4b45ca3e1250d2",6e+08
"4b75f2b374e8674e8b55eceb",9.8e+08
"db5ea791b33be91840a6d045",8.4e+08
"8627562772d9d63bac507fcd",8.5e+08
"097a1a08a389439cc2c760f8",3.7e+08
"e9c905ff64c7e2f8c21b0a9c",3.6e+08
"464039bbcabc650d659f6683",6.9e+08
"93c24fa31fa780d28ecbc318",5.6e+08
"a73206cd21136b209f25c7cc",4.4e+08
"852a11f12646f0a1121824c2",4.5e+08
"61953f4c9bac7cac5ddda5d9",1.12e+09
"5a5377f2d087b7bb183783bb",6.9e+08
"0a85c354c48921e0ca202d15",1.26e+09
"12f9d50fad58e4e40a187d98",1.07e+09
"45ac018012e7dd91d41a5876",5.8e+08
"28f905e91295a47d106a3214",1.16e+09
"45b894a8b028be29ed137f1e",1.31e+09
"3d0de71d822da8a999bb6222",5.8e+08
"9a61bfe6ba2b8364a92e5a97",1.09e+09
"e8b8d0c4cb87efc13344bcd2",1.17e+09
"1f39ea319382fb0e41ead713",1.08e+09
"d61700c4ecc128290bc42d3f",3.7e+08
"d87cbdc4896e0e0160999520",4.3e+08
"d1281c9f037ea5c4fa683b84",3.7e+08
"310e768d2e8836432f8b3e97",4.8e+08
"c5498cdddd7856e99d21f52b",4.5e+08
"d3169d4a467cb7eac41849ff",6.7e+08
"2eeb4b0d7afa57b63778b69f",1.15e+09
"7b3621124731bcd2e543562c",6.8e+08
"5703b4ab6e77d88f751bc6e7",6.3e+08
"2c567face144ca714454abf2",1.19e+09
"7169b5a3b9a796162de685cf",1.27e+09
"fd19e1b2e61f5efde879f6dd",1.04e+09
"55f0e95dc857256aec65ec1a",1.29e+09
"ab03c034e2a420f395ca094a",5.3e+08
"ee3c0c7fe3fe73ad0449870c",1.29e+09
"dd178fd542fc716e32b4136a",6.1e+08
"d64a2ad3297e2fad8ce66197",4.6e+08
"c9e20cadac540faa59d9aa3f",4.1e+08
"7d5459e48101349c75d43aec",7.5e+08
"fb0664d59b6333ae1861f343",9.2e+08
"bc6b57600fa9edfe13fb3118",9.9e+08
"d309cdb5688ff7bdbb682d17",6.4e+08
"0d8cda2859d9903f6202af54",5.5e+08
"0f2913c5aa681a2bd45a5484",9.9e+08
"54b474bc7cb126bfe8e6c144",9.3e+08
"fcd7c10d81aff25d9233214d",5.9e+08
"c3b8bbc492a7d7bdd63da22f",8.8e+08
"42aaf6521fdf1dc9bc50f88e",5e+08
"3c268e9119b8027f78f91954",7.2e+08
"c8d5a0e9614dcf96a500206f",4.1e+08
"6c778557da9b5d99f90b1238",8.5e+08
"4514844d15690b7331fdb6cb",8.9e+08
"a102a0a268840439c2c8f4c6",3.6e+08
"e1132006785632e4ec5deb02",7.2e+08
"a041ed3fc0b60fc4ce3cf847",8e+08
"84b758716f47bb0f4e4a2bed",5.2e+08
"84394774ab45e0c8b733bed2",5.3e+08
"2c1c91f2bb4d9dae38a44360",3.9e+08
"8ba9304ea7b8d2b071bb0699",5.4e+08
"d1668e2d35a939ed126a3f8e",9.9e+08
"35ae7661d8191507cf9e7cdf",6.8e+08
"72699647b590d11ed9b2f2e8",4e+08
"cbc99d6202cd3a31e1c14a16",5.3e+08
"ce1d63bc4411a615b816a76c",1.08e+09
"04f0fd25e2456759753bd2bc",6.4e+08
"8c0154eb5be437746213aec8",1.14e+09
"e23017438478050a655f6d67",8.7e+08
"8f0b6d6dd914911c7e90d302",1.14e+09
"4b38595746dcb78fbb459781",5.7e+08
"95aebb36dc0b4ea86db49492",1.3e+09
"f900f7a9c5e2ea51689e8992",1.07e+09
"3fa0d9e247f28968a5bf8476",5e+08
"1240f50cf2d8ef1d8713e671",5e+08
"14a55e5887af840860b41ddf",4.2e+08
"3ffefb3f453c54585fa6ef22",8.5e+08
"c3b357d17afd631df02dc39a",8.8e+08
"a15aced0fffc97e219f99545",4.1e+08
"cf707785919dbb92cfc7b5f6",1.25e+09
"70ebbf6a402f0f707b893979",7.1e+08
"aefb3cb6ad2de9ffa90b9534",7.2e+08
"b2809471a0164e3d41b8fa60",1.07e+09
"6d11001f164d81734a82ec1d",4.8e+08
"ad71acd782a4fce4d9af04be",6.2e+08
"ca86f53a857c23b15eef428a",8.6e+08
"580452a616b4f5170eb628d0",8e+08
"7dc609a3c7a3ab1f9a3146e6",5.9e+08
"e8fc9a1fd4b39f946b914398",6e+08
"0d3bc6532812ea618d154bdc",1.09e+09
"1ee436f045a0662037f9d2cf",7.1e+08
"8697b1d337145af0ef8e4619",1.22e+09
"9a08127164a0bb61cefb3680",4e+08
"e08e1f260e5c3231c49e5a96",5e+08
"b96502e30fecdfae7796f1d6",6.6e+08
"a0b178016cd26a1d2072e7fc",4.5e+08
"5e3d7da3cfe55ad1fe609579",8.7e+08
"30f77637dd52e728efaddd6d",9.2e+08
"2202c5c9a16b771d1e242c18",9e+08
"3dc8277f29d0a2406fa25ce1",8.6e+08
"a0f86ac00934b57d85b44dde",7.7e+08
"9168a08b1fac4c5448626ff0",7.3e+08
"cec8daf847f52cb2845a9f58",1.18e+09
"ab7559b75b340275587e50b7",1.17e+09
"a392f7f9ace844d712ab2b4a",1.08e+09
"275ec6bd936600c7eceac599",1.18e+09
"978195f1745ab7e3d69e1f50",1.16e+09
"0e3f82238c54e85ca4229977",8.6e+08
"d22d5776b6305308c9e774d7",6.5e+08
"94d3fe901550dd4ba77ffbaf",1.02e+09
"63717ed97f95e32b2ca321f3",1.1e+09
"a7df0496d6ce217fadfad10d",1.03e+09
"51a696388218fc2e412f8806",6.5e+08
"a918c218ff761315988c6335",9.7e+08
"d3609eabe59175fcb4441ac2",1.4e+09
"8af2e264b801b3e155e52be8",1.3e+09
"76e4ebad138d50c690f0aec1",3.7e+08
"9a9553eb431458a3e30fc672",6.4e+08
"117f37774a78d65f9e68f906",4.1e+08
"0c8b133effcdbcd49d52add5",1.01e+09
"5e8b2528c1c0a5c12a476919",9.9e+08
"38d6842c2807d54f386bdb5c",1.1e+09
"55f747145222c070fdd50175",9.7e+08
"ca7d715827b39c417e5b75ad",7e+08
"b219848e66fb065d4d2441bc",9.9e+08
"a04d3f4eb8810a346fd29ab5",1.09e+09
"0b06da0ceff947975cf8951e",1.2e+09
"3f35c44229ba13940d8a705d",1.04e+09
"8bdebb8914fbcaad625b1764",4.2e+08
"611a369172eb6e3e2e4bdbfb",1.14e+09
"e382002b0685aabb01891743",7.4e+08
"d7c48db0385bdbf7ecb7088f",1.21e+09
"874e2c6f3e9f90db80d243d0",5.4e+08
"249667af8d0835c9830e2b37",5.7e+08
"75d3c9e0da9a24f4849f2078",4.5e+08
"bf7463534babd284da6ca671",3.4e+08
"0283890ab76b10547b27e634",6e+08
"cf7741583fc5315ba70b70f1",9.5e+08
"36a0a1f0432c954604825b6e",6.9e+08
"9836bf9b64f27104c7863b79",6e+08
"b676ed2d0af6807cc2b28ac8",1.28e+09
"7d503f126b5863fa0626d4bb",6e+08
"093c849ad2bea8292c4d15f9",1.21e+09
"71a8b68f38fccf71a229df76",5.9e+08
"ebacfa0a8e569ab603cccd11",3.7e+08
"c963faee3ac527dfab08f61c",6.3e+08
"7dcbeb0aef2e2cac0d73315a",3.7e+08
"1f6050fd5261a2d21d5a178e",3.9e+08
"e3f39c6e4a41fbdc4bc30e0f",6.4e+08
"9d157878dbb41c14b52a956f",4.8e+08
"3a26efe201689493724ba464",6.6e+08
"6670cde3fbc11c263c6c3163",5.8e+08
"81ba4b47e9222c15c4102992",5.4e+08
"d9ec26c1c3e1811e38f070b2",4.9e+08
"1102f91444b8e1abb636f1bc",8.7e+08
"b96b4bf38bdbd61d4dd0bde5",1.1e+09
"45ee2db87e9ca0a1a9faf050",5.8e+08
"556cb23459a9007127b3ad46",9.1e+08
"a613b18945052b4576595c4c",8e+08
"fce385656705a8f4389cbb6a",9.7e+08
"bdac560af3e155db33d13d57",7.2e+08
"fedc2418db2353b7c97a260d",1.04e+09
"4565bcc95c54bf0c8d376eb0",9.6e+08
"5fc559104e0ba1112ce00f5d",1.06e+09
"74fdeb4c56b29662f13aa8ca",1.13e+09
"fbaf74ce4c2c6e88950d3fdb",7.9e+08
"5de0f045039122af0052c544",9.2e+08
"e18337bbdfb106a3f1739960",7.3e+08
"e1b9ae3e0ce3da16f18e1079",9.9e+08
"31f630c44db4be5360a57640",8.9e+08
"ee8651631861c1b94283a953",1.22e+09
"ffc49242bb0edf3e22076501",1.08e+09
"fa653848d69ce620a41a73ac",1.04e+09
"3b6c94e3e3684eac73b3e7f6",1.31e+09
"a39617b7adfeb6ae7d5ee5f0",1.1e+09
"95e5e774dac6f0159e8afc0d",7.4e+08
"995362e3fea8e54538ac135c",6e+08
"42525c57e13abbfafe9bb395",1.29e+09
"1ae6fd60628e7d186a5e0174",5.9e+08
"082293a465231208059c5d53",5.9e+08
"a14f071d8e5c338d9ebed23c",4.4e+08
"84d8504f0e860b0760c3592d",8.7e+08
"a3d03a25f84f4d50d2a308b0",5.7e+08
"5688288ee38f1a69894ac77a",9e+08
"1fe514ada76363511cc79105",9.9e+08
"885a312d9a5bfa8a8db5279a",6e+08
"c716d4dfb5a3c2e1120bd84f",7.3e+08
"689aafdc12fd1610c2393a6c",9.3e+08
"c0c4ecc8d3aefc53c4c06a38",7.4e+08
"30091c32a5046d563597bbf4",5.4e+08
"2e58c9b6fbe9c57c83bc0aed",1.03e+09
"3f7c5d8304fc650bf97247ee",8.9e+08
"56334a9db3ccc24faf138edf",6.7e+08
"6d0680692396c07afc1a260c",7.6e+08
"9e07dd563b6ff4572f5d9031",9.8e+08
"1278c9fd86258bcb435e7127",8e+08
"acf0f98cd8f8c8ce06f30ab9",1.38e+09
"5e3785bd517f4faa2bcf43d6",1.14e+09
"cfc61dd41ee5f5dcb76bacfc",5.7e+08
"e118b149654cca1c0b3a58a2",1.08e+09
"77a06084509952c6cfe8f501",5.5e+08
"398274b1c46fd88151420c6e",4.2e+08
"5b328b80dd844db2e946302b",4e+08
"4195fdfe50e42e9981fa2f4f",6.5e+08
"2d4031f171f965d7dbce0ef6",7.8e+08
"fc1b713d5605b0030421d5a2",1.08e+09
"1985a2a5c3b2b0c7eca22afe",8.3e+08
"92a1a8b617b6d2c3669167a6",6.7e+08
"c3dd975d0aed59a65a784e47",9.3e+08
"a7e41393473834db30f2c1da",9e+08
"7dcd1597e11f83093cbfd7a5",1.18e+09
"349602317da0e456d88fe24f",8.9e+08
"776d7d1326576f07762ab3c7",8.3e+08
"aaa67089a753d255215c15be",6.9e+08
"d6d5717a4b7e2edaef162b6a",6.5e+08
"0ba20e953e8e76add161cd6c",4.1e+08
"13c39860029403ea94b5439a",1.28e+09
"d5436eeef04e1a8e51a38912",3.9e+08
"21f00ad1214253dd5bb97817",1.17e+09
"5a3119efc021fd0f102ab958",5.5e+08
"9e360588b18cb15aec3b6609",7.3e+08
"a7cc7d2ceedf4d69664dc734",5.7e+08
"4e78cffaea2008f3919ba0ae",5.2e+08
"452e0518f7164287e47e6354",7.5e+08
"74286242739391c4eaecefbe",6.1e+08
"df06b65985649c7107b794a4",5.3e+08
"b6a21387674a509514fa5518",1.09e+09
"6752fcf8f1af18d61124e32c",8.2e+08
"a59f39373ee368259b441de6",4.7e+08
"40a65310ce666e80a9611d4c",9.1e+08
"2e2d3f42f4f8369733b3bcb9",8.9e+08
"3b23a71bf40e800a66bdeab2",4.6e+08
"894f346e0ad39c57fc0f369f",1.12e+09
"d1fcd31555048d043cf084be",8.4e+08
"8d48f73816b248d1166a09db",8.1e+08
"32d5a20c542a8194a6aae965",6.7e+08
"53870de54350a8cd7c13f014",8.7e+08
"31cdb68dc6476128c4bb2f5c",1.04e+09
"4be6d93d8ae1375156444f05",4.9e+08
"9297c340db8a74e10dbba148",8.5e+08
"0e001ee8f27e1a2fffaa0225",1.26e+09
"ae3868ac8c44128b8a955829",8.9e+08
"bcbd20cfc50e2f032b174b56",3.9e+08
"253560c855216bd9eb102595",6.1e+08
"c9c769e7ccc99016f61269d0",6.3e+08
"7c07ba1982289ca3abcbece3",6e+08
"c5c024d11b3ebb2cd088bf6a",1e+09
"806f9ab2a016e774689ce2b9",3.7e+08
"f0f8e755058d48542b9cc4e3",9.2e+08
"e1e5b0bd721a67318a3848ed",4.3e+08
"d96155b72c02bfa04f7ea98f",5.5e+08
"24a4a43ae4c687bda1066227",1.18e+09
"c509f2036a11b7132c633d2a",8.7e+08
"bda914dbacd42b2b7c6c5179",6e+08
"5a681060eeb2fc8f1b3261da",6.7e+08
"016bb199b12846ccb0b03191",9.3e+08
"ba94676bc0385678ce3780a3",5.4e+08
"b2183e5bca67574df7d5985b",4.8e+08
"baae43ea29f7e419bbecf998",6.4e+08
"ff1a7adf260e637bf316812f",4.2e+08
"8e56b5dbc4cf628ac12e5bef",1.32e+09
"c8941b8d7626f7b33628158f",1.12e+09
"d504ed869ece1b1d6e724452",3.7e+08
"1acb5576ccae1f0534f614df",7.2e+08
"ff228869121d053ca7bbe431",1.13e+09
"ee4dea05e93581750d613c59",6.3e+08
"5d507cdfb7c233cf96dc6a83",8.4e+08
"faae4324336f1211ce4c7809",7.3e+08
"9a8e471c8f4488c3799483ba",5.3e+08
"d040e15e50d655f4d19bff54",4.5e+08
"efc7e89ddf3de559154d8e0c",9.9e+08
"e91598736dbb7319952f0dfc",8.6e+08
"4046ebeeb7ab85affcfe337c",1.22e+09
"d12059af22bc7d6ff170430f",1.13e+09
"99d39d72083d7485e8944a3e",5.2e+08
"b9ab2dcd8d1855e4bdd540c4",1.08e+09
"97106114a8d353ffebbd07b7",8.5e+08
"d5c950db90c92be5fe753189",7.1e+08
"119833a13f3f7df22d2b270a",7e+08
"b2078743e33e1acc49c2d2ca",8.8e+08
"fb9371f86ca6f4e62ae374c3",5.7e+08
"6a39a747417143f0cd24f3bd",1.37e+09
"7bc0c9e2760e4b1488522768",1.08e+09
"3898683e5d24bab9eea24d30",6.7e+08
"be0e466ca7d6942282c8626d",9.4e+08
"2d65980024ded46854c25260",1.15e+09
"87aa28825a5b8ffbac5f2e2f",7.2e+08
"918b0d900ead8267aab4cdf7",5.9e+08
"0c85506b301862fb58b467cb",6e+08
"4bd031478b15017efd41b2bf",1.03e+09
"48bee96c1f65b8e283d67483",4.8e+08
"7618cb8d215425c931f47886",4.4e+08
"a7a219e7cd18f3c4b83649e0",5.5e+08
"88622b66e6c47cc62c3824c1",8.3e+08
"01230eede2a4a74ec4ee5105",8e+08
"e2ecbfaacf11ed16fd71abcd",6.1e+08
"1f0d83013ea5e4c3f4beb583",7.3e+08
"a70d331be751cdc3bd0aab29",3.5e+08
"41ac76d4fa450fe0c377a0e5",3.5e+08
"2ef8a530db816223dcf474a1",5.7e+08
"d09c1af87ddad4ad11b82626",4.5e+08
"6714f846f2fa3527641ad96c",6.8e+08
"4cd5338bcf246ebf263baa35",4.9e+08
"0878a639ab8e6b6e69a3df41",9.6e+08
"f4c118396d781c140d8c9b08",4.6e+08
"27151512d4b592014137ac1f",6.6e+08
"8e5123f5ef1da66571ccb600",1.17e+09
"52d6c4bcb442eebdab338116",1.27e+09
"e23d93ade25e73614d7bcd77",1.15e+09
"7cfa0c98191ef9b7c45f0520",4.2e+08
"a739d80c3fb6b166a2c2182b",5.4e+08
"36f85981124e858c157f83df",6.6e+08
"3d6d51ca99f2747d6b92dd19",7.6e+08
"092b7b5bafe25bf485de37a4",6.6e+08
"f2e0163fa07f89820739dfcf",1.01e+09
"ba47346e7a53412e78363ac4",8.5e+08
"667685f89a61aa2ad5c9ac7d",4.4e+08
"f851b02d18e74610a900bf14",1.05e+09
"76b9af8036e38d5d30ac4c7a",1.26e+09
"4045e30cced205e8c5b2373c",5.4e+08
"eb2c7a973d4d6ce8e6ae87a0",1.15e+09
"99c69eeb96e1016a7e53b33f",8.6e+08
"aa7f56d05ed29183b825d61d",6e+08
"4630a9af58fb79c0008e5fa1",5.9e+08
"ac003932eba3a174c5b998ee",4.4e+08
"56a7470ed14454665aaef75a",1.31e+09
"a4e4f56336e07304cb946b1c",9.1e+08
"00ce045307538da1b0bb7972",5.8e+08
"013e2a07f94a99323b64d370",1.08e+09
"07d1137c1f0aaecbbad32f7b",7.6e+08
"c75d43b8089321e359e14264",6.5e+08
"9ba689b29d0696fb7ebc44d5",1.3e+09
"b56659e70367566a4ddb81b2",1.02e+09
"4a7ecb05c9886bc35f6b9160",6.5e+08
"945f85a061dc4e95e779e27e",1.06e+09
"62dc69d80cd6ea9fb7fe52db",5.5e+08
"f591597c9a1ddd9852eb3cfd",1.08e+09
"a748841236a7a7fb33138845",5.6e+08
"6ef43ab43841696400d91859",6.6e+08
"601310d800d88f0d387235e4",1.04e+09
"db81ec58863dcc5d12839883",5.3e+08
"68d35dadc6d0dea61bf4b513",3.7e+08
"ba9be0b67571b1e9242664e1",7.4e+08
"1690af2e30b05da545f1576f",1.14e+09
"fc72ebf9381496067101da61",4.7e+08
"3a2e95f5eddda4df84b2e2b3",5.6e+08
"a660d5809085b4823e287a5e",4.7e+08
"799301c01a3e7fc2af5a14a9",1.07e+09
"824cad597aae34d7d59ac939",6e+08
"23cfc154896b93bce4356ae6",4.4e+08
"a9b96d2a23ed155043085e87",1.08e+09
"f5d529ff6a35fa78ab14de21",6e+08
"9b337cb1451a8fb078dc9a07",1e+09
"cd1fc7362660bce494b5117a",4.1e+08
"26454cbe44a07cd0df12ca07",9.6e+08
"109bb36f29b223a81dbfa340",1.01e+09
"502aca1a1097438b32eb362e",1.19e+09
"4c90ce573f1d61d11294d05c",1.12e+09
